Index_aleatoire;sexe;type_vehicule;age_vehicule;usage_vehicule;type_conduite;est_rouge;points_perdus;formule;Age;Nombre_enfants;Enfant_conduite_accompagne;Revenus;Tarif_devis
133485;F;Sports Car;7;Commercial;Highly Urban/ Urban;no;0;dev_integral;26;Oui;Non;[70k€ – 140k€] ;[300€ – 600€] 
314439;F;Minivan;1;Private;Highly Urban/ Urban;no;2;dev_express;93;Oui;Oui;[0 – 70k€] ;[0 – 300€] 
533336;F;Pickup;4;Private;z_Highly Rural/ Rural;no;0;dev_express;47;Oui;Non;[0 – 70k€] ;[0 – 300€] 
624839;F;z_SUV;5;Private;Highly Urban/ Urban;no;3;dev_integral;4;Non;Non;[0 – 70k€] ;[300€ – 600€] 
883286;M;Panel Truck;12;Commercial;Highly Urban/ Urban;no;2;dev_vip;69;Non;Non;[0 – 70k€] ;[600€ – 900€] 
52239;F;z_SUV;15;Private;z_Highly Rural/ Rural;no;2;dev_premium;33;Oui;Non;[70k€ – 140k€] ;[300€ – 600€] 
611894;F;Minivan;9;Commercial;z_Highly Rural/ Rural;no;0;dev_express;84;Oui;Oui;[70k€ – 140k€] ;[0 – 300€] 
195403;M;z_SUV;10;Private;Highly Urban/ Urban;no;1;dev_premium;69;Non;Non;[0 – 70k€] ;[300€ – 600€] 
741770;M;Minivan;14;Private;Highly Urban/ Urban;no;0;dev_premium;69;Non;Non;[70k€ – 140k€] ;[300€ – 600€] 
384632;F;Panel Truck;10;Commercial;Highly Urban/ Urban;yes;1;dev_integral;51;Non;Non;[0 – 70k€] ;[300€ – 600€] 
783602;F;Minivan;10;Private;Highly Urban/ Urban;no;0;dev_express;58;Oui;Oui;[0 – 70k€] ;[0 – 300€] 
356884;M;z_SUV;1;Private;Highly Urban/ Urban;no;0;dev_premium;8;Oui;Non;[0 – 70k€] ;[300€ – 600€] 
884821;F;z_SUV;18;Private;Highly Urban/ Urban;no;0;dev_express;74;Non;Non;[70k€ – 140k€] ;[0 – 300€] 
844622;M;Van;6;Commercial;z_Highly Rural/ Rural;no;5;dev_integral;8;Non;Non;[0 – 70k€] ;[300€ – 600€] 
478064;M;Minivan;1;Private;Highly Urban/ Urban;no;0;dev_integral;80;Oui;Non;[0 – 70k€] ;[300€ – 600€] 
818768;M;Minivan;13;Private;Highly Urban/ Urban;no;0;dev_express;87;Non;Non;[0 – 70k€] ;[0 – 300€] 
545876;F;z_SUV;15;Private;Highly Urban/ Urban;no;0;dev_integral;52;Non;Non;[70k€ – 140k€] ;[300€ – 600€] 
472274;F;Van;8;Commercial;Highly Urban/ Urban;yes;1;dev_express;89;Non;Non;[0 – 70k€] ;[0 – 300€] 
288610;F;Minivan;11;Private;Highly Urban/ Urban;yes;0;dev_express;70;Non;Non;[70k€ – 140k€] ;[0 – 300€] 
35146;F;z_SUV;10;Private;Highly Urban/ Urban;no;0;dev_integral;85;Non;Non;[0 – 70k€] ;[0 – 300€] 
244142;M;Minivan;16;Private;z_Highly Rural/ Rural;no;0;dev_express;37;Oui;Non;[0 – 70k€] ;[0 – 300€] 
888348;M;Minivan;0;Private;Highly Urban/ Urban;no;1;dev_premium;93;Oui;Oui;[0 – 70k€] ;[300€ – 600€] 
738896;F;Van;7;Commercial;Highly Urban/ Urban;yes;0;dev_premium;25;Non;Non;[0 – 70k€] ;[300€ – 600€] 
11029;F;Sports Car;1;Commercial;Highly Urban/ Urban;no;5;dev_premium;84;Oui;Non;[0 – 70k€] ;[300€ – 600€] 
614467;M;Pickup;1;Commercial;Highly Urban/ Urban;no;1;dev_express;20;Non;Non;[0 – 70k€] ;[0 – 300€] 
447609;M;Minivan;0;Private;z_Highly Rural/ Rural;yes;1;dev_express;68;Non;Non;[0 – 70k€] ;[0 – 300€] 
754655;F;Sports Car;1;Private;z_Highly Rural/ Rural;no;0;dev_integral;26;Non;Non;[0 – 70k€] ;[0 – 300€] 
736374;F;z_SUV;0;Private;Highly Urban/ Urban;no;5;dev_integral;47;Non;Non;[70k€ – 140k€] ;[0 – 300€] 
567558;F;z_SUV;1;Private;Highly Urban/ Urban;no;0;dev_vip;56;Non;Non;[0 – 70k€] ;[600€ – 900€] 
28803;F;z_SUV;17;Private;Highly Urban/ Urban;no;0;dev_premium;19;Non;Non;[70k€ – 140k€] ;[300€ – 600€] 
338557;F;z_SUV;1;Private;Highly Urban/ Urban;no;0;dev_express;51;Oui;Non;[0 – 70k€] ;[0 – 300€] 
816322;M;Minivan;5;Commercial;z_Highly Rural/ Rural;yes;6;dev_integral;41;Oui;Non;[0 – 70k€] ;[300€ – 600€] 
222515;F;z_SUV;9;Private;Highly Urban/ Urban;no;3;dev_express;68;Non;Non;[70k€ – 140k€] ;[0 – 300€] 
669187;M;z_SUV;6;Private;z_Highly Rural/ Rural;no;2;dev_premium;7;Non;Non;[0 – 70k€] ;[300€ – 600€] 
913932;M;Sports Car;12;Private;Highly Urban/ Urban;no;0;dev_express;47;Oui;Oui;[70k€ – 140k€] ;[0 – 300€] 
407448;F;z_SUV;9;Private;Highly Urban/ Urban;no;0;dev_integral;71;Non;Non;[0 – 70k€] ;[300€ – 600€] 
85193;F;Sports Car;15;Commercial;Highly Urban/ Urban;no;0;dev_express;64;Non;Non;[0 – 70k€] ;[0 – 300€] 
117328;F;z_SUV;14;Private;Highly Urban/ Urban;no;2;dev_integral;9;Oui;Non;[70k€ – 140k€] ;[0 – 300€] 
917827;F;Minivan;15;Private;Highly Urban/ Urban;no;0;dev_integral;58;Non;Non;[140k€ – 210k€] ;[0 – 300€] 
281240;M;z_SUV;11;Private;z_Highly Rural/ Rural;no;1;dev_premium;37;Non;Non;[0 – 70k€] ;[300€ – 600€] 
180457;F;Sports Car;10;Private;Highly Urban/ Urban;no;0;dev_express;21;Oui;Oui;[0 – 70k€] ;[0 – 300€] 
635759;F;z_SUV;8;Private;Highly Urban/ Urban;no;5;dev_express;88;Oui;Non;[0 – 70k€] ;[0 – 300€] 
126309;M;Pickup;10;Commercial;Highly Urban/ Urban;yes;0;dev_express;61;Oui;Non;[0 – 70k€] ;[0 – 300€] 
517481;F;Pickup;0;Private;Highly Urban/ Urban;yes;0;dev_premium;60;Oui;Oui;[0 – 70k€] ;[300€ – 600€] 
613661;M;z_SUV;13;Private;Highly Urban/ Urban;no;0;dev_integral;54;Non;Non;[70k€ – 140k€] ;[300€ – 600€] 
817244;F;z_SUV;15;Private;Highly Urban/ Urban;no;4;dev_express;68;Non;Non;[70k€ – 140k€] ;[0 – 300€] 
171284;M;z_SUV;1;Private;Highly Urban/ Urban;no;1;dev_express;79;Oui;Non;[0 – 70k€] ;[0 – 300€] 
909039;F;Panel Truck;13;Commercial;Highly Urban/ Urban;yes;1;dev_integral;44;Non;Non;[140k€ – 210k€] ;[300€ – 600€] 
670811;M;Van;7;Commercial;Highly Urban/ Urban;yes;0;dev_integral;80;Non;Non;[70k€ – 140k€] ;[0 – 300€] 
788616;F;Van;1;Private;z_Highly Rural/ Rural;yes;1;dev_integral;41;Oui;Oui;[0 – 70k€] ;[0 – 300€] 
389897;F;Pickup;1;Commercial;Highly Urban/ Urban;yes;7;dev_integral;27;Non;Non;[0 – 70k€] ;[300€ – 600€] 
702652;F;Minivan;5;Private;Highly Urban/ Urban;no;1;dev_express;51;Oui;Non;[0 – 70k€] ;[0 – 300€] 
138288;M;Minivan;7;Private;Highly Urban/ Urban;no;0;dev_express;22;Non;Non;[70k€ – 140k€] ;[0 – 300€] 
629917;F;Sports Car;19;Private;Highly Urban/ Urban;no;0;dev_express;50;Non;Non;[0 – 70k€] ;[0 – 300€] 
351530;F;Minivan;8;Commercial;z_Highly Rural/ Rural;no;5;dev_express;8;Non;Non;[70k€ – 140k€] ;[0 – 300€] 
445304;M;Van;13;Private;Highly Urban/ Urban;no;0;dev_premium;51;Non;Non;[70k€ – 140k€] ;[300€ – 600€] 
608700;F;Van;9;Commercial;Highly Urban/ Urban;yes;4;dev_integral;58;Oui;Non;[0 – 70k€] ;[0 – 300€] 
841374;M;z_SUV;12;Private;Highly Urban/ Urban;no;2;dev_express;35;Non;Non;[0 – 70k€] ;[0 – 300€] 
138231;F;Van;1;Private;Highly Urban/ Urban;yes;0;dev_express;75;Oui;Oui;[0 – 70k€] ;[0 – 300€] 
517222;F;Sports Car;7;Private;Highly Urban/ Urban;no;1;dev_express;33;Oui;Oui;[0 – 70k€] ;[0 – 300€] 
600614;F;Minivan;16;Private;Highly Urban/ Urban;no;0;dev_integral;74;Non;Non;[70k€ – 140k€] ;[0 – 300€] 
161769;F;Pickup;8;Private;Highly Urban/ Urban;no;0;dev_express;57;Non;Non;[0 – 70k€] ;[0 – 300€] 
254723;F;Van;5;Commercial;Highly Urban/ Urban;no;0;dev_integral;73;Oui;Non;[0 – 70k€] ;[0 – 300€] 
909889;F;Sports Car;1;Private;Highly Urban/ Urban;no;0;dev_express;82;Oui;Non;[0 – 70k€] ;[0 – 300€] 
681877;F;z_SUV;6;Private;Highly Urban/ Urban;no;0;dev_integral;6;Non;Non;[0 – 70k€] ;[0 – 300€] 
298746;M;z_SUV;1;Private;Highly Urban/ Urban;no;5;dev_express;53;Non;Non;[0 – 70k€] ;[0 – 300€] 
289093;M;Pickup;7;Private;Highly Urban/ Urban;no;0;dev_express;71;Non;Non;[70k€ – 140k€] ;[0 – 300€] 
786673;M;Minivan;5;Private;z_Highly Rural/ Rural;no;3;dev_express;53;Non;Non;[0 – 70k€] ;[0 – 300€] 
388925;M;z_SUV;13;Private;Highly Urban/ Urban;yes;2;dev_express;74;Oui;Non;[0 – 70k€] ;[0 – 300€] 
515869;F;Pickup;3;Commercial;Highly Urban/ Urban;no;1;dev_integral;26;Non;Non;[70k€ – 140k€] ;[300€ – 600€] 
548953;F;z_SUV;9;Private;Highly Urban/ Urban;no;0;dev_integral;6;Non;Non;[70k€ – 140k€] ;[300€ – 600€] 
550948;M;z_SUV;12;Private;Highly Urban/ Urban;no;2;dev_express;36;Non;Non;[140k€ – 210k€] ;[0 – 300€] 
750946;M;Minivan;9;Private;Highly Urban/ Urban;yes;2;dev_integral;11;Non;Non;[70k€ – 140k€] ;[0 – 300€] 
948703;F;Minivan;9;Private;z_Highly Rural/ Rural;no;2;dev_premium;82;Oui;Non;[70k€ – 140k€] ;[300€ – 600€] 
437610;M;Pickup;8;Private;Highly Urban/ Urban;no;0;dev_express;81;Non;Non;[0 – 70k€] ;[0 – 300€] 
6385;F;z_SUV;18;Private;Highly Urban/ Urban;no;1;dev_integral;31;Non;Non;[70k€ – 140k€] ;[300€ – 600€] 
731629;F;Minivan;1;Commercial;Highly Urban/ Urban;no;5;dev_express;74;Non;Non;[70k€ – 140k€] ;[0 – 300€] 
930862;M;Panel Truck;11;Commercial;Highly Urban/ Urban;no;4;dev_premium;54;Non;Non;[0 – 70k€] ;[300€ – 600€] 
482711;F;Minivan;6;Private;Highly Urban/ Urban;no;4;dev_express;54;Non;Non;[0 – 70k€] ;[0 – 300€] 
992791;M;Minivan;1;Private;Highly Urban/ Urban;yes;1;dev_premium;63;Non;Non;[70k€ – 140k€] ;[300€ – 600€] 
554311;M;Sports Car;3;Private;z_Highly Rural/ Rural;no;0;dev_express;85;Non;Non;[0 – 70k€] ;[0 – 300€] 
186146;M;Van;8;Commercial;z_Highly Rural/ Rural;yes;0;dev_express;66;Non;Non;[70k€ – 140k€] ;[0 – 300€] 
862986;F;z_SUV;4;Commercial;Highly Urban/ Urban;no;0;dev_express;66;Oui;Non;[0 – 70k€] ;[0 – 300€] 
625182;M;Sports Car;0;Private;z_Highly Rural/ Rural;no;1;dev_express;65;Non;Non;[0 – 70k€] ;[0 – 300€] 
516424;M;Pickup;8;Commercial;Highly Urban/ Urban;yes;2;dev_express;63;Non;Non;[0 – 70k€] ;[0 – 300€] 
365593;M;Minivan;9;Private;Highly Urban/ Urban;yes;0;dev_express;43;Non;Non;[0 – 70k€] ;[0 – 300€] 
235608;M;Minivan;17;Private;Highly Urban/ Urban;no;0;dev_premium;55;Non;Non;[0 – 70k€] ;[300€ – 600€] 
978691;F;z_SUV;1;Private;z_Highly Rural/ Rural;no;0;dev_express;24;Oui;Oui;[0 – 70k€] ;[0 – 300€] 
758612;M;Minivan;13;Private;Highly Urban/ Urban;no;0;dev_premium;51;Non;Non;[0 – 70k€] ;[300€ – 600€] 
84691;M;Sports Car;2;Private;z_Highly Rural/ Rural;no;0;dev_integral;59;Oui;Non;[0 – 70k€] ;[0 – 300€] 
233264;M;Minivan;1;Commercial;Highly Urban/ Urban;no;3;dev_express;82;Non;Non;[0 – 70k€] ;[0 – 300€] 
718377;F;Minivan;1;Private;Highly Urban/ Urban;no;1;dev_premium;13;Oui;Non;[0 – 70k€] ;[300€ – 600€] 
679065;F;Sports Car;1;Private;Highly Urban/ Urban;no;6;dev_premium;7;Non;Non;[70k€ – 140k€] ;[300€ – 600€] 
53573;M;Van;1;Private;Highly Urban/ Urban;yes;0;dev_express;64;Non;Non;[0 – 70k€] ;[0 – 300€] 
15245;F;Pickup;11;Private;Highly Urban/ Urban;no;4;dev_integral;71;Non;Non;[0 – 70k€] ;[0 – 300€] 
825345;F;Pickup;5;Commercial;z_Highly Rural/ Rural;yes;1;dev_integral;53;Non;Non;[0 – 70k€] ;[300€ – 600€] 
352905;M;Minivan;1;Private;Highly Urban/ Urban;no;7;dev_express;63;Non;Non;[0 – 70k€] ;[0 – 300€] 
977660;F;Minivan;6;Private;Highly Urban/ Urban;yes;0;dev_integral;38;Oui;Oui;[0 – 70k€] ;[0 – 300€] 
544012;M;Van;8;Private;Highly Urban/ Urban;yes;1;dev_integral;44;Oui;Non;[0 – 70k€] ;[300€ – 600€] 
448061;M;z_SUV;1;Commercial;Highly Urban/ Urban;no;0;dev_integral;21;Non;Non;[0 – 70k€] ;[300€ – 600€] 
773135;M;Pickup;12;Commercial;Highly Urban/ Urban;no;2;dev_integral;68;Oui;Non;[0 – 70k€] ;[300€ – 600€] 
130597;F;Minivan;1;Private;Highly Urban/ Urban;no;0;dev_integral;25;Oui;Non;[0 – 70k€] ;[300€ – 600€] 
835211;M;Minivan;11;Private;Highly Urban/ Urban;no;6;dev_integral;54;Non;Non;[70k€ – 140k€] ;[300€ – 600€] 
584827;M;Panel Truck;17;Commercial;Highly Urban/ Urban;yes;4;dev_express;12;Non;Non;[> 210k€] ;[0 – 300€] 
218855;M;Minivan;12;Private;Highly Urban/ Urban;yes;1;dev_premium;63;Non;Non;[70k€ – 140k€] ;[300€ – 600€] 
453620;M;Panel Truck;14;Commercial;Highly Urban/ Urban;yes;0;dev_integral;26;Oui;Non;[0 – 70k€] ;[0 – 300€] 
495875;F;Minivan;5;Private;Highly Urban/ Urban;no;0;dev_integral;74;Oui;Oui;[0 – 70k€] ;[300€ – 600€] 
239321;M;Minivan;12;Commercial;z_Highly Rural/ Rural;yes;1;dev_integral;42;Oui;Non;[0 – 70k€] ;[300€ – 600€] 
786288;F;Minivan;11;Private;Highly Urban/ Urban;yes;5;dev_express;60;Oui;Non;[70k€ – 140k€] ;[0 – 300€] 
124769;M;z_SUV;9;Private;Highly Urban/ Urban;no;0;dev_premium;93;Non;Non;[0 – 70k€] ;[300€ – 600€] 
841222;M;z_SUV;9;Commercial;Highly Urban/ Urban;no;0;dev_integral;55;Non;Non;[70k€ – 140k€] ;[0 – 300€] 
425889;M;Minivan;12;Commercial;Highly Urban/ Urban;no;0;dev_express;57;Oui;Oui;[70k€ – 140k€] ;[0 – 300€] 
327621;M;z_SUV;8;Private;Highly Urban/ Urban;no;0;dev_express;71;Oui;Non;[0 – 70k€] ;[0 – 300€] 
709350;F;Minivan;6;Commercial;Highly Urban/ Urban;no;2;dev_express;67;Oui;Non;[0 – 70k€] ;[0 – 300€] 
670913;F;z_SUV;14;Private;Highly Urban/ Urban;no;0;dev_premium;58;Non;Non;[70k€ – 140k€] ;[300€ – 600€] 
675639;F;Minivan;1;Private;z_Highly Rural/ Rural;no;0;dev_premium;53;Oui;Oui;[0 – 70k€] ;[300€ – 600€] 
634360;F;Sports Car;11;Private;z_Highly Rural/ Rural;no;0;dev_express;80;Oui;Oui;[0 – 70k€] ;[0 – 300€] 
885589;F;Pickup;7;Private;Highly Urban/ Urban;no;0;dev_integral;64;Oui;Oui;[0 – 70k€] ;[300€ – 600€] 
127092;M;Sports Car;1;Commercial;Highly Urban/ Urban;no;2;dev_integral;11;Oui;Oui;[0 – 70k€] ;[300€ – 600€] 
470469;M;Minivan;15;Private;Highly Urban/ Urban;no;0;dev_integral;6;Non;Non;[70k€ – 140k€] ;[300€ – 600€] 
4796;M;z_SUV;13;Private;z_Highly Rural/ Rural;no;0;dev_integral;72;Non;Non;[0 – 70k€] ;[300€ – 600€] 
528963;M;Minivan;11;Private;Highly Urban/ Urban;yes;2;dev_express;59;Oui;Non;[70k€ – 140k€] ;[0 – 300€] 
17290;M;z_SUV;12;Private;Highly Urban/ Urban;no;0;dev_integral;72;Non;Non;[70k€ – 140k€] ;[300€ – 600€] 
734906;F;Pickup;11;Private;Highly Urban/ Urban;yes;0;dev_integral;50;Non;Non;[0 – 70k€] ;[300€ – 600€] 
931758;F;Van;9;Private;Highly Urban/ Urban;no;4;dev_integral;31;Oui;Non;[0 – 70k€] ;[300€ – 600€] 
230382;M;Minivan;8;Private;Highly Urban/ Urban;no;0;dev_integral;35;Non;Non;[70k€ – 140k€] ;[0 – 300€] 
434181;M;Minivan;1;Private;Highly Urban/ Urban;no;2;dev_integral;71;Non;Non;[70k€ – 140k€] ;[0 – 300€] 
543194;M;Minivan;1;Commercial;z_Highly Rural/ Rural;yes;7;dev_express;19;Non;Non;[0 – 70k€] ;[0 – 300€] 
612737;M;Sports Car;0;Commercial;Highly Urban/ Urban;no;1;dev_premium;23;Non;Non;[0 – 70k€] ;[300€ – 600€] 
828095;M;Minivan;13;Private;Highly Urban/ Urban;no;1;dev_express;61;Non;Non;[70k€ – 140k€] ;[0 – 300€] 
307944;F;Sports Car;13;Private;Highly Urban/ Urban;no;0;dev_express;71;Oui;Non;[0 – 70k€] ;[0 – 300€] 
750009;F;Minivan;9;Private;Highly Urban/ Urban;no;8;dev_vip;73;Oui;Non;[0 – 70k€] ;[600€ – 900€] 
839347;M;z_SUV;1;Private;z_Highly Rural/ Rural;no;0;dev_express;11;Oui;Non;[0 – 70k€] ;[0 – 300€] 
863839;M;Minivan;5;Private;Highly Urban/ Urban;yes;3;dev_express;58;Non;Non;[0 – 70k€] ;[0 – 300€] 
102713;F;z_SUV;9;Private;Highly Urban/ Urban;no;0;dev_integral;6;Oui;Oui;[0 – 70k€] ;[0 – 300€] 
805550;F;Minivan;16;Private;Highly Urban/ Urban;no;0;dev_integral;93;Oui;Non;[70k€ – 140k€] ;[300€ – 600€] 
233247;M;Van;15;Commercial;Highly Urban/ Urban;yes;2;dev_integral;14;Non;Non;[0 – 70k€] ;[300€ – 600€] 
398058;M;Van;9;Commercial;Highly Urban/ Urban;no;4;dev_express;38;Oui;Oui;[70k€ – 140k€] ;[0 – 300€] 
685367;M;z_SUV;1;Commercial;Highly Urban/ Urban;no;4;dev_express;54;Oui;Non;[0 – 70k€] ;[0 – 300€] 
422821;F;Sports Car;7;Private;Highly Urban/ Urban;no;6;dev_premium;48;Oui;Non;[0 – 70k€] ;[300€ – 600€] 
851287;M;Sports Car;9;Commercial;Highly Urban/ Urban;no;2;dev_integral;53;Non;Non;[70k€ – 140k€] ;[300€ – 600€] 
458112;F;Minivan;9;Private;Highly Urban/ Urban;no;0;dev_integral;54;Non;Non;[70k€ – 140k€] ;[0 – 300€] 
982642;F;Pickup;12;Private;Highly Urban/ Urban;yes;0;dev_integral;8;Oui;Non;[140k€ – 210k€] ;[300€ – 600€] 
443562;M;z_SUV;15;Private;Highly Urban/ Urban;no;5;dev_premium;84;Non;Non;[0 – 70k€] ;[300€ – 600€] 
939876;M;z_SUV;0;Commercial;Highly Urban/ Urban;no;7;dev_express;89;Oui;Non;[0 – 70k€] ;[0 – 300€] 
646160;M;z_SUV;11;Private;Highly Urban/ Urban;no;2;dev_express;53;Non;Non;[0 – 70k€] ;[0 – 300€] 
22531;M;z_SUV;7;Private;Highly Urban/ Urban;no;0;dev_integral;63;Non;Non;[70k€ – 140k€] ;[300€ – 600€] 
989341;M;z_SUV;10;Private;z_Highly Rural/ Rural;no;1;dev_integral;43;Oui;Oui;[0 – 70k€] ;[0 – 300€] 
189448;F;z_SUV;19;Private;Highly Urban/ Urban;no;0;dev_integral;74;Non;Non;[70k€ – 140k€] ;[0 – 300€] 
583787;F;Minivan;15;Private;z_Highly Rural/ Rural;no;0;dev_express;77;Non;Non;[70k€ – 140k€] ;[0 – 300€] 
924392;M;Minivan;10;Private;Highly Urban/ Urban;no;0;dev_integral;79;Non;Non;[0 – 70k€] ;[300€ – 600€] 
316790;F;z_SUV;5;Private;Highly Urban/ Urban;no;2;dev_express;66;Non;Non;[0 – 70k€] ;[0 – 300€] 
564161;F;Minivan;1;Private;Highly Urban/ Urban;yes;3;dev_express;63;Oui;Non;[0 – 70k€] ;[0 – 300€] 
730106;M;Minivan;4;Private;Highly Urban/ Urban;no;1;dev_express;33;Non;Non;[0 – 70k€] ;[0 – 300€] 
118523;F;Pickup;9;Commercial;z_Highly Rural/ Rural;yes;0;dev_integral;77;Oui;Non;[0 – 70k€] ;[0 – 300€] 
798729;M;Van;12;Commercial;Highly Urban/ Urban;yes;0;dev_integral;83;Oui;Oui;[140k€ – 210k€] ;[300€ – 600€] 
952542;F;Sports Car;4;Private;Highly Urban/ Urban;no;5;dev_express;70;Oui;Non;[0 – 70k€] ;[0 – 300€] 
116705;M;Pickup;15;Private;Highly Urban/ Urban;no;0;dev_integral;74;Non;Non;[70k€ – 140k€] ;[300€ – 600€] 
259148;M;Minivan;9;Commercial;z_Highly Rural/ Rural;yes;0;dev_integral;85;Non;Non;[70k€ – 140k€] ;[300€ – 600€] 
926123;M;z_SUV;1;Commercial;Highly Urban/ Urban;no;6;dev_integral;66;Non;Non;[70k€ – 140k€] ;[0 – 300€] 
645306;M;Sports Car;8;Private;Highly Urban/ Urban;no;0;dev_integral;71;Oui;Oui;[70k€ – 140k€] ;[0 – 300€] 
962917;M;z_SUV;12;Private;Highly Urban/ Urban;no;2;dev_premium;34;Non;Non;[70k€ – 140k€] ;[300€ – 600€] 
368865;F;Minivan;12;Private;z_Highly Rural/ Rural;no;1;dev_integral;50;Oui;Oui;[140k€ – 210k€] ;[300€ – 600€] 
180695;F;Minivan;14;Private;Highly Urban/ Urban;no;0;dev_integral;73;Oui;Non;[0 – 70k€] ;[300€ – 600€] 
450628;F;Sports Car;8;Private;z_Highly Rural/ Rural;no;1;dev_express;56;Non;Non;[0 – 70k€] ;[0 – 300€] 
464352;F;Minivan;1;Private;Highly Urban/ Urban;no;1;dev_express;53;Oui;Oui;[0 – 70k€] ;[0 – 300€] 
988696;F;Sports Car;17;Private;Highly Urban/ Urban;no;0;dev_integral;93;Oui;Non;[70k€ – 140k€] ;[0 – 300€] 
398117;F;Pickup;4;Commercial;Highly Urban/ Urban;yes;0;dev_integral;25;Oui;Non;[0 – 70k€] ;[0 – 300€] 
939559;F;Panel Truck;0;Commercial;Highly Urban/ Urban;no;1;dev_integral;58;Non;Non;[70k€ – 140k€] ;[0 – 300€] 
975610;F;z_SUV;11;Commercial;Highly Urban/ Urban;no;2;dev_integral;74;Non;Non;[0 – 70k€] ;[300€ – 600€] 
241923;M;Pickup;11;Private;Highly Urban/ Urban;yes;1;dev_express;41;Oui;Non;[70k€ – 140k€] ;[0 – 300€] 
876151;F;Minivan;1;Commercial;Highly Urban/ Urban;no;2;dev_integral;30;Non;Non;[0 – 70k€] ;[300€ – 600€] 
323096;M;Minivan;11;Commercial;z_Highly Rural/ Rural;no;0;dev_integral;58;Non;Non;[70k€ – 140k€] ;[300€ – 600€] 
562371;F;Minivan;20;Private;Highly Urban/ Urban;yes;0;dev_integral;52;Oui;Non;[0 – 70k€] ;[300€ – 600€] 
62462;M;z_SUV;1;Private;Highly Urban/ Urban;no;2;dev_express;55;Non;Non;[0 – 70k€] ;[0 – 300€] 
160413;M;Pickup;0;Commercial;Highly Urban/ Urban;no;6;dev_integral;78;Non;Non;[70k€ – 140k€] ;[0 – 300€] 
898854;F;Van;12;Commercial;Highly Urban/ Urban;no;0;dev_express;60;Non;Non;[0 – 70k€] ;[0 – 300€] 
904592;M;Sports Car;16;Private;Highly Urban/ Urban;no;0;dev_express;32;Non;Non;[0 – 70k€] ;[0 – 300€] 
180628;M;z_SUV;1;Private;z_Highly Rural/ Rural;no;0;dev_integral;65;Oui;Non;[0 – 70k€] ;[0 – 300€] 
214832;F;Van;6;Commercial;Highly Urban/ Urban;yes;0;dev_premium;57;Oui;Non;[0 – 70k€] ;[300€ – 600€] 
55744;F;Pickup;0;Commercial;Highly Urban/ Urban;no;1;dev_express;83;Non;Non;[0 – 70k€] ;[0 – 300€] 
486887;F;Van;6;Commercial;z_Highly Rural/ Rural;no;1;dev_express;26;Oui;Oui;[0 – 70k€] ;[0 – 300€] 
835436;M;Panel Truck;13;Commercial;z_Highly Rural/ Rural;yes;0;dev_integral;55;Non;Non;[140k€ – 210k€] ;[300€ – 600€] 
751400;F;Van;10;Private;Highly Urban/ Urban;yes;0;dev_premium;87;Non;Non;[70k€ – 140k€] ;[300€ – 600€] 
100091;F;Pickup;1;Private;Highly Urban/ Urban;yes;1;dev_express;69;Non;Non;[0 – 70k€] ;[0 – 300€] 
716634;M;z_SUV;5;Commercial;Highly Urban/ Urban;no;6;dev_premium;25;Oui;Oui;[0 – 70k€] ;[300€ – 600€] 
923284;F;z_SUV;1;Private;Highly Urban/ Urban;no;0;dev_integral;67;Non;Non;[0 – 70k€] ;[300€ – 600€] 
653762;F;z_SUV;9;Private;Highly Urban/ Urban;no;0;dev_integral;22;Oui;Non;[0 – 70k€] ;[300€ – 600€] 
988978;F;z_SUV;1;Private;Highly Urban/ Urban;no;0;dev_premium;72;Non;Non;[0 – 70k€] ;[300€ – 600€] 
399011;F;Minivan;11;Private;Highly Urban/ Urban;no;0;dev_vip;13;Non;Non;[70k€ – 140k€] ;[300€ – 600€] 
797250;M;Van;0;Commercial;Highly Urban/ Urban;yes;5;dev_express;50;Non;Non;[70k€ – 140k€] ;[0 – 300€] 
385228;M;Sports Car;1;Private;Highly Urban/ Urban;no;3;dev_premium;8;Non;Non;[0 – 70k€] ;[300€ – 600€] 
965316;F;Sports Car;7;Private;z_Highly Rural/ Rural;no;0;dev_integral;69;Non;Non;[70k€ – 140k€] ;[300€ – 600€] 
777590;F;Panel Truck;1;Commercial;Highly Urban/ Urban;no;1;dev_premium;30;Non;Non;[0 – 70k€] ;[300€ – 600€] 
989428;F;z_SUV;15;Private;Highly Urban/ Urban;no;0;dev_integral;53;Non;Non;[140k€ – 210k€] ;[300€ – 600€] 
570984;F;Sports Car;7;Private;Highly Urban/ Urban;no;3;dev_premium;68;Oui;Non;[0 – 70k€] ;[300€ – 600€] 
643001;F;Minivan;17;Private;Highly Urban/ Urban;no;4;dev_express;56;Oui;Non;[0 – 70k€] ;[0 – 300€] 
528387;M;Panel Truck;13;Commercial;Highly Urban/ Urban;no;2;dev_express;86;Non;Non;[70k€ – 140k€] ;[0 – 300€] 
568748;F;z_SUV;4;Private;Highly Urban/ Urban;no;0;dev_integral;51;Oui;Non;[0 – 70k€] ;[300€ – 600€] 
590971;F;Minivan;0;Commercial;z_Highly Rural/ Rural;no;0;dev_express;67;Non;Non;[0 – 70k€] ;[0 – 300€] 
120781;M;Sports Car;8;Private;Highly Urban/ Urban;yes;9;dev_express;17;Non;Non;[0 – 70k€] ;[0 – 300€] 
635458;M;Pickup;7;Commercial;Highly Urban/ Urban;yes;4;dev_integral;74;Non;Non;[0 – 70k€] ;[300€ – 600€] 
668949;M;Minivan;1;Commercial;Highly Urban/ Urban;yes;0;dev_premium;65;Oui;Oui;[0 – 70k€] ;[300€ – 600€] 
318955;F;z_SUV;14;Commercial;z_Highly Rural/ Rural;no;2;dev_premium;79;Non;Non;[0 – 70k€] ;[300€ – 600€] 
952968;M;Sports Car;7;Private;Highly Urban/ Urban;no;3;dev_express;85;Oui;Non;[0 – 70k€] ;[0 – 300€] 
932682;M;Minivan;1;Commercial;Highly Urban/ Urban;yes;0;dev_express;53;Non;Non;[0 – 70k€] ;[0 – 300€] 
957448;M;Minivan;0;Commercial;Highly Urban/ Urban;yes;6;dev_integral;84;Non;Non;[0 – 70k€] ;[300€ – 600€] 
637619;M;Minivan;12;Private;z_Highly Rural/ Rural;no;0;dev_express;60;Non;Non;[0 – 70k€] ;[0 – 300€] 
639276;M;Panel Truck;8;Commercial;Highly Urban/ Urban;yes;1;dev_premium;64;Oui;Oui;[0 – 70k€] ;[300€ – 600€] 
134909;F;z_SUV;5;Private;z_Highly Rural/ Rural;no;0;dev_integral;54;Oui;Non;[0 – 70k€] ;[300€ – 600€] 
563736;F;Minivan;8;Private;z_Highly Rural/ Rural;no;1;dev_integral;21;Oui;Oui;[0 – 70k€] ;[0 – 300€] 
841659;F;Panel Truck;16;Commercial;Highly Urban/ Urban;yes;1;dev_express;51;Non;Non;[70k€ – 140k€] ;[0 – 300€] 
866216;F;z_SUV;0;Private;Highly Urban/ Urban;yes;1;dev_integral;65;Non;Non;[0 – 70k€] ;[0 – 300€] 
734709;F;Van;5;Commercial;Highly Urban/ Urban;no;1;dev_express;52;Non;Non;[0 – 70k€] ;[0 – 300€] 
118755;M;Van;0;Commercial;Highly Urban/ Urban;no;5;dev_integral;59;Oui;Non;[0 – 70k€] ;[0 – 300€] 
747445;M;z_SUV;13;Private;Highly Urban/ Urban;no;0;dev_premium;66;Non;Non;[70k€ – 140k€] ;[300€ – 600€] 
3373;F;Pickup;6;Private;Highly Urban/ Urban;yes;2;dev_express;55;Oui;Non;[0 – 70k€] ;[0 – 300€] 
115477;F;z_SUV;19;Private;Highly Urban/ Urban;no;8;dev_premium;8;Non;Non;[70k€ – 140k€] ;[300€ – 600€] 
288642;M;Sports Car;1;Private;Highly Urban/ Urban;no;0;dev_premium;65;Non;Non;[0 – 70k€] ;[300€ – 600€] 
9886;M;Minivan;1;Private;z_Highly Rural/ Rural;no;1;dev_integral;72;Oui;Oui;[0 – 70k€] ;[300€ – 600€] 
605248;M;Sports Car;16;Private;Highly Urban/ Urban;no;0;dev_integral;74;Oui;Non;[70k€ – 140k€] ;[300€ – 600€] 
286468;M;Pickup;18;Commercial;z_Highly Rural/ Rural;no;0;dev_integral;70;Oui;Oui;[0 – 70k€] ;[300€ – 600€] 
374723;F;z_SUV;3;Private;Highly Urban/ Urban;no;4;dev_premium;31;Non;Non;[70k€ – 140k€] ;[300€ – 600€] 
554876;F;z_SUV;5;Commercial;Highly Urban/ Urban;no;5;dev_integral;5;Oui;Non;[70k€ – 140k€] ;[300€ – 600€] 
526300;F;Minivan;1;Commercial;Highly Urban/ Urban;no;0;dev_integral;84;Non;Non;[0 – 70k€] ;[300€ – 600€] 
202401;M;Minivan;10;Private;Highly Urban/ Urban;no;4;dev_express;57;Non;Non;[70k€ – 140k€] ;[0 – 300€] 
938831;F;z_SUV;9;Private;Highly Urban/ Urban;no;3;dev_integral;67;Non;Non;[0 – 70k€] ;[300€ – 600€] 
133392;M;z_SUV;3;Private;z_Highly Rural/ Rural;no;0;dev_premium;28;Oui;Non;[0 – 70k€] ;[300€ – 600€] 
281690;F;Minivan;1;Private;Highly Urban/ Urban;yes;0;dev_premium;71;Non;Non;[0 – 70k€] ;[300€ – 600€] 
243874;F;Pickup;1;Private;Highly Urban/ Urban;yes;5;dev_express;84;Non;Non;[0 – 70k€] ;[0 – 300€] 
641014;F;z_SUV;0;Private;Highly Urban/ Urban;no;3;dev_express;28;Non;Non;[0 – 70k€] ;[0 – 300€] 
241765;M;Minivan;7;Private;Highly Urban/ Urban;yes;0;dev_express;5;Oui;Oui;[0 – 70k€] ;[0 – 300€] 
188593;F;Minivan;0;Private;Highly Urban/ Urban;yes;3;dev_express;33;Non;Non;[70k€ – 140k€] ;[0 – 300€] 
485302;F;z_SUV;10;Commercial;Highly Urban/ Urban;no;2;dev_express;44;Non;Non;[0 – 70k€] ;[0 – 300€] 
487667;F;z_SUV;7;Private;z_Highly Rural/ Rural;no;2;dev_integral;69;Oui;Non;[0 – 70k€] ;[300€ – 600€] 
204008;M;Pickup;16;Private;Highly Urban/ Urban;no;0;dev_integral;69;Non;Non;[0 – 70k€] ;[0 – 300€] 
636862;F;Panel Truck;15;Commercial;Highly Urban/ Urban;no;0;dev_premium;39;Non;Non;[140k€ – 210k€] ;[300€ – 600€] 
140767;F;z_SUV;15;Private;Highly Urban/ Urban;no;0;dev_integral;68;Non;Non;[140k€ – 210k€] ;[0 – 300€] 
371483;M;z_SUV;1;Private;Highly Urban/ Urban;no;5;dev_integral;74;Oui;Non;[0 – 70k€] ;[0 – 300€] 
328902;F;Minivan;10;Private;Highly Urban/ Urban;yes;3;dev_integral;71;Non;Non;[70k€ – 140k€] ;[300€ – 600€] 
359331;F;Minivan;15;Private;Highly Urban/ Urban;no;0;dev_express;44;Non;Non;[70k€ – 140k€] ;[0 – 300€] 
16946;M;z_SUV;7;Commercial;Highly Urban/ Urban;no;0;dev_express;65;Non;Non;[70k€ – 140k€] ;[0 – 300€] 
331556;F;Pickup;11;Commercial;Highly Urban/ Urban;yes;0;dev_express;85;Non;Non;[0 – 70k€] ;[0 – 300€] 
455236;F;Sports Car;12;Private;Highly Urban/ Urban;no;6;dev_express;80;Oui;Oui;[70k€ – 140k€] ;[0 – 300€] 
360930;M;z_SUV;5;Private;Highly Urban/ Urban;no;3;dev_integral;12;Oui;Non;[0 – 70k€] ;[0 – 300€] 
489969;F;Van;12;Private;Highly Urban/ Urban;yes;3;dev_integral;88;Non;Non;[0 – 70k€] ;[0 – 300€] 
900554;M;Pickup;7;Commercial;Highly Urban/ Urban;no;0;dev_premium;34;Oui;Oui;[0 – 70k€] ;[300€ – 600€] 
960793;M;Van;1;Commercial;z_Highly Rural/ Rural;yes;0;dev_integral;10;Oui;Non;[0 – 70k€] ;[300€ – 600€] 
142765;M;Pickup;10;Private;Highly Urban/ Urban;yes;0;dev_integral;38;Non;Non;[0 – 70k€] ;[300€ – 600€] 
177686;F;Minivan;15;Private;Highly Urban/ Urban;no;2;dev_integral;32;Non;Non;[70k€ – 140k€] ;[0 – 300€] 
628734;M;z_SUV;20;Private;Highly Urban/ Urban;no;1;dev_integral;18;Non;Non;[70k€ – 140k€] ;[300€ – 600€] 
494947;F;z_SUV;12;Commercial;z_Highly Rural/ Rural;no;5;dev_express;38;Non;Non;[0 – 70k€] ;[0 – 300€] 
786068;M;Minivan;6;Commercial;Highly Urban/ Urban;no;3;dev_premium;56;Non;Non;[0 – 70k€] ;[300€ – 600€] 
569568;F;Van;18;Private;Highly Urban/ Urban;yes;0;dev_express;59;Non;Non;[70k€ – 140k€] ;[0 – 300€] 
213104;M;Minivan;8;Private;Highly Urban/ Urban;no;0;dev_integral;9;Non;Non;[0 – 70k€] ;[300€ – 600€] 
635731;M;Van;0;Commercial;z_Highly Rural/ Rural;yes;2;dev_premium;62;Oui;Non;[70k€ – 140k€] ;[300€ – 600€] 
338523;M;Minivan;16;Private;Highly Urban/ Urban;no;0;dev_integral;60;Oui;Non;[0 – 70k€] ;[300€ – 600€] 
112119;F;Minivan;5;Private;Highly Urban/ Urban;no;0;dev_express;23;Oui;Oui;[0 – 70k€] ;[0 – 300€] 
207556;F;Minivan;1;Private;z_Highly Rural/ Rural;yes;0;dev_premium;88;Non;Non;[0 – 70k€] ;[300€ – 600€] 
122968;F;Panel Truck;10;Commercial;Highly Urban/ Urban;no;4;dev_express;71;Non;Non;[0 – 70k€] ;[0 – 300€] 
643020;F;Panel Truck;8;Commercial;Highly Urban/ Urban;no;5;dev_integral;11;Non;Non;[0 – 70k€] ;[300€ – 600€] 
486383;F;Van;9;Commercial;Highly Urban/ Urban;yes;1;dev_express;81;Oui;Non;[70k€ – 140k€] ;[0 – 300€] 
774042;M;Pickup;17;Commercial;Highly Urban/ Urban;no;0;dev_integral;10;Non;Non;[140k€ – 210k€] ;[0 – 300€] 
268055;M;Van;10;Commercial;Highly Urban/ Urban;no;7;dev_express;15;Non;Non;[70k€ – 140k€] ;[0 – 300€] 
606655;M;z_SUV;0;Private;Highly Urban/ Urban;no;4;dev_integral;78;Non;Non;[0 – 70k€] ;[300€ – 600€] 
877365;M;z_SUV;7;Private;Highly Urban/ Urban;no;1;dev_integral;58;Non;Non;[0 – 70k€] ;[300€ – 600€] 
834667;M;z_SUV;1;Private;z_Highly Rural/ Rural;no;1;dev_premium;52;Non;Non;[70k€ – 140k€] ;[300€ – 600€] 
753138;M;Panel Truck;11;Commercial;Highly Urban/ Urban;no;4;dev_express;16;Non;Non;[140k€ – 210k€] ;[0 – 300€] 
309261;F;z_SUV;12;Private;Highly Urban/ Urban;no;0;dev_integral;72;Non;Non;[0 – 70k€] ;[300€ – 600€] 
597266;F;Minivan;13;Private;Highly Urban/ Urban;no;4;dev_premium;60;Non;Non;[70k€ – 140k€] ;[300€ – 600€] 
82601;F;Sports Car;12;Commercial;Highly Urban/ Urban;no;4;dev_integral;37;Non;Non;[0 – 70k€] ;[300€ – 600€] 
76113;M;Pickup;13;Commercial;Highly Urban/ Urban;no;3;dev_express;70;Non;Non;[140k€ – 210k€] ;[0 – 300€] 
740394;F;Van;8;Commercial;Highly Urban/ Urban;no;3;dev_integral;44;Non;Non;[70k€ – 140k€] ;[300€ – 600€] 
623367;M;Van;1;Private;Highly Urban/ Urban;no;0;dev_express;24;Non;Non;[70k€ – 140k€] ;[0 – 300€] 
620631;M;z_SUV;1;Private;Highly Urban/ Urban;no;2;dev_express;51;Oui;Non;[0 – 70k€] ;[0 – 300€] 
271947;F;Panel Truck;10;Commercial;Highly Urban/ Urban;no;5;dev_express;87;Non;Non;[70k€ – 140k€] ;[0 – 300€] 
864132;M;Pickup;8;Commercial;Highly Urban/ Urban;no;4;dev_integral;36;Oui;Oui;[70k€ – 140k€] ;[300€ – 600€] 
821152;M;Pickup;1;Commercial;Highly Urban/ Urban;yes;5;dev_express;60;Non;Non;[0 – 70k€] ;[0 – 300€] 
911165;M;Panel Truck;20;Commercial;Highly Urban/ Urban;no;3;dev_integral;25;Non;Non;[70k€ – 140k€] ;[300€ – 600€] 
557679;M;z_SUV;2;Private;Highly Urban/ Urban;no;3;dev_integral;74;Non;Non;[0 – 70k€] ;[0 – 300€] 
112391;M;Minivan;12;Private;Highly Urban/ Urban;yes;0;dev_integral;59;Non;Non;[70k€ – 140k€] ;[300€ – 600€] 
675642;M;Sports Car;11;Private;Highly Urban/ Urban;no;5;dev_premium;7;Non;Non;[0 – 70k€] ;[300€ – 600€] 
240740;F;Sports Car;12;Private;z_Highly Rural/ Rural;no;0;dev_integral;7;Non;Non;[70k€ – 140k€] ;[300€ – 600€] 
298081;F;Minivan;11;Private;Highly Urban/ Urban;yes;4;dev_integral;47;Non;Non;[0 – 70k€] ;[300€ – 600€] 
914575;F;z_SUV;1;Private;Highly Urban/ Urban;no;0;dev_integral;87;Non;Non;[70k€ – 140k€] ;[300€ – 600€] 
224121;F;Pickup;1;Private;Highly Urban/ Urban;yes;2;dev_integral;19;Non;Non;[0 – 70k€] ;[300€ – 600€] 
281470;F;Pickup;10;Commercial;z_Highly Rural/ Rural;yes;0;dev_integral;42;Non;Non;[0 – 70k€] ;[300€ – 600€] 
749680;M;Minivan;7;Private;Highly Urban/ Urban;no;2;dev_integral;73;Non;Non;[0 – 70k€] ;[300€ – 600€] 
549052;F;Panel Truck;17;Commercial;Highly Urban/ Urban;yes;0;dev_express;77;Non;Non;[> 210k€] ;[0 – 300€] 
733571;M;Pickup;14;Private;Highly Urban/ Urban;no;1;dev_premium;61;Oui;Non;[70k€ – 140k€] ;[300€ – 600€] 
322629;M;Pickup;9;Private;Highly Urban/ Urban;no;4;dev_express;59;Non;Non;[0 – 70k€] ;[0 – 300€] 
154480;M;Pickup;8;Private;Highly Urban/ Urban;no;0;dev_integral;19;Non;Non;[0 – 70k€] ;[300€ – 600€] 
333796;M;Minivan;0;Private;Highly Urban/ Urban;no;3;dev_integral;4;Non;Non;[0 – 70k€] ;[300€ – 600€] 
325829;M;Van;4;Commercial;Highly Urban/ Urban;yes;0;dev_integral;8;Non;Non;[0 – 70k€] ;[300€ – 600€] 
177438;F;z_SUV;1;Private;Highly Urban/ Urban;no;1;dev_express;24;Oui;Non;[0 – 70k€] ;[0 – 300€] 
587342;F;z_SUV;11;Private;Highly Urban/ Urban;no;0;dev_integral;47;Oui;Non;[70k€ – 140k€] ;[300€ – 600€] 
657183;F;z_SUV;0;Private;Highly Urban/ Urban;no;6;dev_premium;15;Non;Non;[0 – 70k€] ;[300€ – 600€] 
897030;F;Minivan;11;Private;Highly Urban/ Urban;yes;1;dev_express;91;Oui;Oui;[70k€ – 140k€] ;[0 – 300€] 
396309;F;Pickup;10;Private;Highly Urban/ Urban;yes;2;dev_integral;69;Non;Non;[0 – 70k€] ;[0 – 300€] 
284266;F;Panel Truck;21;Commercial;Highly Urban/ Urban;no;1;dev_express;21;Oui;Non;[0 – 70k€] ;[0 – 300€] 
116374;M;Sports Car;1;Commercial;z_Highly Rural/ Rural;no;0;dev_integral;46;Non;Non;[0 – 70k€] ;[0 – 300€] 
411704;F;Pickup;10;Private;z_Highly Rural/ Rural;no;0;dev_integral;4;Oui;Non;[70k€ – 140k€] ;[0 – 300€] 
768382;F;z_SUV;1;Private;z_Highly Rural/ Rural;no;0;dev_express;52;Oui;Non;[0 – 70k€] ;[0 – 300€] 
828167;F;Minivan;1;Private;Highly Urban/ Urban;yes;3;dev_integral;71;Oui;Oui;[0 – 70k€] ;[300€ – 600€] 
676574;F;Pickup;10;Private;z_Highly Rural/ Rural;no;0;dev_express;82;Non;Non;[0 – 70k€] ;[0 – 300€] 
701940;F;Sports Car;12;Private;Highly Urban/ Urban;no;0;dev_express;71;Non;Non;[140k€ – 210k€] ;[0 – 300€] 
480836;M;Pickup;20;Commercial;Highly Urban/ Urban;yes;4;dev_express;11;Non;Non;[70k€ – 140k€] ;[0 – 300€] 
823910;F;z_SUV;3;Private;Highly Urban/ Urban;no;0;dev_express;74;Non;Non;[0 – 70k€] ;[0 – 300€] 
218337;F;Minivan;11;Private;Highly Urban/ Urban;no;0;dev_premium;20;Non;Non;[70k€ – 140k€] ;[300€ – 600€] 
420614;F;Panel Truck;19;Commercial;Highly Urban/ Urban;yes;5;dev_express;54;Non;Non;[140k€ – 210k€] ;[0 – 300€] 
262004;F;Minivan;11;Commercial;z_Highly Rural/ Rural;no;0;dev_express;49;Non;Non;[0 – 70k€] ;[0 – 300€] 
563011;M;Sports Car;7;Commercial;Highly Urban/ Urban;yes;0;dev_express;37;Non;Non;[0 – 70k€] ;[0 – 300€] 
377690;M;Minivan;8;Private;z_Highly Rural/ Rural;no;0;dev_premium;40;Non;Non;[0 – 70k€] ;[300€ – 600€] 
685656;M;Sports Car;1;Private;Highly Urban/ Urban;no;2;dev_integral;68;Oui;Oui;[0 – 70k€] ;[300€ – 600€] 
351117;F;Pickup;12;Private;Highly Urban/ Urban;no;2;dev_integral;63;Oui;Non;[70k€ – 140k€] ;[300€ – 600€] 
403992;M;Minivan;1;Private;Highly Urban/ Urban;no;0;dev_integral;22;Non;Non;[0 – 70k€] ;[300€ – 600€] 
336188;M;Minivan;11;Private;Highly Urban/ Urban;yes;0;dev_premium;84;Non;Non;[70k€ – 140k€] ;[300€ – 600€] 
460768;F;Panel Truck;7;Commercial;Highly Urban/ Urban;no;0;dev_integral;13;Non;Non;[0 – 70k€] ;[0 – 300€] 
201311;F;z_SUV;5;Private;z_Highly Rural/ Rural;no;0;dev_express;51;Oui;Non;[0 – 70k€] ;[0 – 300€] 
704912;M;Pickup;9;Private;z_Highly Rural/ Rural;yes;0;dev_integral;86;Oui;Oui;[0 – 70k€] ;[300€ – 600€] 
648599;F;Van;14;Private;Highly Urban/ Urban;yes;0;dev_integral;63;Non;Non;[70k€ – 140k€] ;[300€ – 600€] 
925459;F;z_SUV;4;Private;z_Highly Rural/ Rural;no;0;dev_integral;94;Oui;Oui;[0 – 70k€] ;[300€ – 600€] 
713640;F;Sports Car;6;Private;Highly Urban/ Urban;no;0;dev_integral;75;Non;Non;[70k€ – 140k€] ;[300€ – 600€] 
431440;F;Pickup;1;Commercial;z_Highly Rural/ Rural;no;7;dev_express;46;Oui;Non;[0 – 70k€] ;[0 – 300€] 
591503;F;z_SUV;1;Private;Highly Urban/ Urban;no;6;dev_express;57;Oui;Non;[0 – 70k€] ;[0 – 300€] 
336464;M;Minivan;1;Commercial;Highly Urban/ Urban;no;3;dev_express;7;Non;Non;[70k€ – 140k€] ;[0 – 300€] 
656504;F;Minivan;19;Private;Highly Urban/ Urban;yes;2;dev_integral;74;Non;Non;[70k€ – 140k€] ;[300€ – 600€] 
884291;F;z_SUV;12;Commercial;Highly Urban/ Urban;no;3;dev_integral;62;Non;Non;[0 – 70k€] ;[300€ – 600€] 
145128;F;Minivan;1;Private;Highly Urban/ Urban;no;1;dev_integral;55;Non;Non;[0 – 70k€] ;[300€ – 600€] 
821995;F;z_SUV;9;Private;z_Highly Rural/ Rural;no;1;dev_premium;62;Non;Non;[0 – 70k€] ;[300€ – 600€] 
510327;F;Pickup;9;Private;Highly Urban/ Urban;yes;2;dev_vip;51;Non;Non;[70k€ – 140k€] ;[600€ – 900€] 
459687;M;Minivan;1;Private;Highly Urban/ Urban;yes;0;dev_express;83;Oui;Oui;[0 – 70k€] ;[0 – 300€] 
92253;M;Sports Car;4;Private;Highly Urban/ Urban;no;0;dev_express;36;Non;Non;[0 – 70k€] ;[0 – 300€] 
561952;M;Van;7;Commercial;z_Highly Rural/ Rural;yes;0;dev_integral;54;Oui;Non;[0 – 70k€] ;[0 – 300€] 
143979;F;Minivan;9;Commercial;Highly Urban/ Urban;no;5;dev_integral;67;Oui;Non;[70k€ – 140k€] ;[300€ – 600€] 
322091;F;z_SUV;20;Private;Highly Urban/ Urban;no;0;dev_express;48;Oui;Non;[70k€ – 140k€] ;[0 – 300€] 
830201;M;Sports Car;15;Private;Highly Urban/ Urban;no;0;dev_integral;18;Non;Non;[0 – 70k€] ;[0 – 300€] 
136667;M;Pickup;7;Commercial;Highly Urban/ Urban;yes;0;dev_integral;52;Non;Non;[0 – 70k€] ;[300€ – 600€] 
342278;M;z_SUV;9;Commercial;Highly Urban/ Urban;no;0;dev_integral;41;Oui;Non;[70k€ – 140k€] ;[0 – 300€] 
474809;F;Sports Car;6;Private;Highly Urban/ Urban;no;3;dev_express;32;Oui;Oui;[0 – 70k€] ;[0 – 300€] 
860972;M;Panel Truck;8;Commercial;Highly Urban/ Urban;no;4;dev_express;63;Oui;Non;[70k€ – 140k€] ;[0 – 300€] 
280046;M;Sports Car;1;Commercial;Highly Urban/ Urban;no;0;dev_integral;83;Oui;Non;[0 – 70k€] ;[300€ – 600€] 
983274;M;z_SUV;1;Private;Highly Urban/ Urban;no;7;dev_integral;36;Non;Non;[70k€ – 140k€] ;[300€ – 600€] 
701897;M;Minivan;5;Commercial;Highly Urban/ Urban;no;3;dev_integral;76;Non;Non;[0 – 70k€] ;[0 – 300€] 
174474;M;Van;8;Commercial;Highly Urban/ Urban;yes;1;dev_integral;57;Non;Non;[70k€ – 140k€] ;[300€ – 600€] 
91436;M;z_SUV;0;Private;Highly Urban/ Urban;no;2;dev_premium;57;Non;Non;[70k€ – 140k€] ;[300€ – 600€] 
244709;F;Panel Truck;14;Commercial;Highly Urban/ Urban;no;10;dev_express;25;Non;Non;[70k€ – 140k€] ;[0 – 300€] 
957415;F;Panel Truck;3;Commercial;Highly Urban/ Urban;no;3;dev_integral;22;Oui;Non;[70k€ – 140k€] ;[0 – 300€] 
805337;F;Minivan;10;Private;Highly Urban/ Urban;no;0;dev_express;83;Non;Non;[0 – 70k€] ;[0 – 300€] 
675670;M;Sports Car;1;Private;z_Highly Rural/ Rural;no;0;dev_integral;37;Non;Non;[0 – 70k€] ;[300€ – 600€] 
190048;F;Minivan;10;Private;Highly Urban/ Urban;no;4;dev_vip;88;Oui;Oui;[70k€ – 140k€] ;[600€ – 900€] 
391961;M;Minivan;13;Private;Highly Urban/ Urban;yes;0;dev_integral;31;Non;Non;[0 – 70k€] ;[300€ – 600€] 
112502;M;z_SUV;1;Commercial;Highly Urban/ Urban;no;1;dev_integral;69;Oui;Non;[70k€ – 140k€] ;[300€ – 600€] 
655990;F;Sports Car;20;Private;Highly Urban/ Urban;no;8;dev_integral;84;Non;Non;[140k€ – 210k€] ;[300€ – 600€] 
433315;M;Panel Truck;1;Commercial;z_Highly Rural/ Rural;no;0;dev_integral;81;Oui;Non;[70k€ – 140k€] ;[300€ – 600€] 
263042;F;Minivan;18;Private;Highly Urban/ Urban;no;2;dev_express;50;Oui;Non;[70k€ – 140k€] ;[0 – 300€] 
328775;F;z_SUV;25;Private;Highly Urban/ Urban;no;0;dev_integral;55;Non;Non;[0 – 70k€] ;[0 – 300€] 
390635;M;Panel Truck;19;Commercial;Highly Urban/ Urban;yes;0;dev_integral;32;Oui;Non;[70k€ – 140k€] ;[300€ – 600€] 
683661;M;Pickup;17;Private;Highly Urban/ Urban;yes;0;dev_express;7;Oui;Non;[0 – 70k€] ;[0 – 300€] 
878066;F;Pickup;11;Commercial;z_Highly Rural/ Rural;yes;2;dev_integral;54;Non;Non;[0 – 70k€] ;[300€ – 600€] 
756449;F;Van;13;Private;Highly Urban/ Urban;no;3;dev_express;59;Non;Non;[0 – 70k€] ;[0 – 300€] 
990249;M;z_SUV;8;Commercial;z_Highly Rural/ Rural;no;0;dev_premium;74;Oui;Non;[0 – 70k€] ;[300€ – 600€] 
218528;M;z_SUV;5;Commercial;Highly Urban/ Urban;no;1;dev_express;21;Oui;Non;[0 – 70k€] ;[0 – 300€] 
954277;F;Minivan;1;Private;z_Highly Rural/ Rural;no;0;dev_premium;56;Oui;Non;[0 – 70k€] ;[300€ – 600€] 
735014;M;z_SUV;1;Commercial;Highly Urban/ Urban;no;3;dev_integral;27;Oui;Non;[0 – 70k€] ;[0 – 300€] 
769212;M;Minivan;0;Private;Highly Urban/ Urban;yes;1;dev_integral;65;Oui;Non;[0 – 70k€] ;[300€ – 600€] 
770743;F;Minivan;8;Private;z_Highly Rural/ Rural;yes;4;dev_integral;42;Oui;Non;[0 – 70k€] ;[0 – 300€] 
470267;F;z_SUV;9;Private;Highly Urban/ Urban;no;0;dev_express;64;Non;Non;[70k€ – 140k€] ;[0 – 300€] 
374626;F;Minivan;7;Private;z_Highly Rural/ Rural;no;0;dev_express;70;Non;Non;[0 – 70k€] ;[0 – 300€] 
155581;M;Sports Car;13;Private;Highly Urban/ Urban;no;0;dev_premium;11;Oui;Non;[0 – 70k€] ;[300€ – 600€] 
62296;F;z_SUV;10;Private;Highly Urban/ Urban;no;0;dev_express;36;Oui;Oui;[0 – 70k€] ;[0 – 300€] 
971957;M;Minivan;0;Private;Highly Urban/ Urban;yes;0;dev_integral;62;Non;Non;[0 – 70k€] ;[300€ – 600€] 
922357;M;Panel Truck;8;Commercial;z_Highly Rural/ Rural;no;2;dev_integral;87;Non;Non;[0 – 70k€] ;[300€ – 600€] 
938367;F;Minivan;1;Private;Highly Urban/ Urban;no;3;dev_integral;52;Oui;Non;[0 – 70k€] ;[300€ – 600€] 
765814;F;z_SUV;0;Private;Highly Urban/ Urban;no;3;dev_express;52;Non;Non;[0 – 70k€] ;[0 – 300€] 
897117;M;z_SUV;6;Private;Highly Urban/ Urban;no;3;dev_express;46;Oui;Non;[0 – 70k€] ;[0 – 300€] 
690046;F;z_SUV;11;Private;Highly Urban/ Urban;no;0;dev_premium;70;Oui;Non;[0 – 70k€] ;[300€ – 600€] 
851179;M;Minivan;21;Private;Highly Urban/ Urban;no;0;dev_integral;23;Oui;Non;[70k€ – 140k€] ;[300€ – 600€] 
867042;M;Minivan;8;Private;Highly Urban/ Urban;yes;1;dev_integral;73;Oui;Oui;[0 – 70k€] ;[300€ – 600€] 
761578;F;Minivan;0;Private;Highly Urban/ Urban;no;0;dev_integral;58;Non;Non;[70k€ – 140k€] ;[300€ – 600€] 
838641;M;Minivan;18;Private;Highly Urban/ Urban;no;1;dev_express;14;Oui;Non;[140k€ – 210k€] ;[0 – 300€] 
711210;M;Van;7;Commercial;Highly Urban/ Urban;yes;2;dev_express;79;Non;Non;[0 – 70k€] ;[0 – 300€] 
162350;M;Van;16;Commercial;Highly Urban/ Urban;no;3;dev_integral;70;Non;Non;[70k€ – 140k€] ;[300€ – 600€] 
640994;M;Sports Car;14;Private;Highly Urban/ Urban;no;0;dev_premium;76;Non;Non;[70k€ – 140k€] ;[300€ – 600€] 
200048;M;z_SUV;11;Commercial;Highly Urban/ Urban;no;0;dev_integral;13;Oui;Non;[70k€ – 140k€] ;[0 – 300€] 
117649;F;z_SUV;4;Commercial;Highly Urban/ Urban;no;3;dev_express;68;Oui;Non;[0 – 70k€] ;[0 – 300€] 
263619;M;Minivan;19;Private;Highly Urban/ Urban;no;4;dev_express;15;Non;Non;[70k€ – 140k€] ;[0 – 300€] 
177900;F;Pickup;14;Private;Highly Urban/ Urban;no;0;dev_integral;91;Non;Non;[0 – 70k€] ;[0 – 300€] 
527196;M;z_SUV;5;Private;z_Highly Rural/ Rural;no;0;dev_express;42;Non;Non;[0 – 70k€] ;[0 – 300€] 
427522;M;Minivan;16;Private;Highly Urban/ Urban;yes;0;dev_express;75;Oui;Non;[70k€ – 140k€] ;[0 – 300€] 
12443;F;z_SUV;12;Private;Highly Urban/ Urban;no;0;dev_integral;44;Oui;Oui;[70k€ – 140k€] ;[0 – 300€] 
315257;F;Sports Car;15;Private;Highly Urban/ Urban;no;1;dev_integral;40;Non;Non;[0 – 70k€] ;[300€ – 600€] 
806981;F;Minivan;11;Commercial;Highly Urban/ Urban;no;2;dev_express;45;Non;Non;[0 – 70k€] ;[0 – 300€] 
987582;M;Panel Truck;7;Commercial;Highly Urban/ Urban;yes;1;dev_express;50;Non;Non;[70k€ – 140k€] ;[0 – 300€] 
738334;F;Van;3;Private;Highly Urban/ Urban;yes;0;dev_express;74;Non;Non;[70k€ – 140k€] ;[0 – 300€] 
552910;M;Pickup;8;Commercial;Highly Urban/ Urban;yes;3;dev_express;80;Non;Non;[0 – 70k€] ;[0 – 300€] 
466360;F;Pickup;8;Commercial;Highly Urban/ Urban;no;1;dev_premium;40;Oui;Oui;[70k€ – 140k€] ;[300€ – 600€] 
664393;M;z_SUV;16;Private;z_Highly Rural/ Rural;no;0;dev_premium;93;Non;Non;[0 – 70k€] ;[300€ – 600€] 
727499;M;z_SUV;10;Private;Highly Urban/ Urban;no;2;dev_express;80;Non;Non;[0 – 70k€] ;[0 – 300€] 
747614;M;Minivan;9;Commercial;z_Highly Rural/ Rural;no;0;dev_integral;73;Oui;Oui;[70k€ – 140k€] ;[0 – 300€] 
799386;F;Sports Car;1;Commercial;Highly Urban/ Urban;no;7;dev_integral;16;Non;Non;[0 – 70k€] ;[300€ – 600€] 
265877;M;Panel Truck;5;Commercial;Highly Urban/ Urban;no;0;dev_integral;6;Non;Non;[70k€ – 140k€] ;[300€ – 600€] 
345341;M;z_SUV;5;Private;Highly Urban/ Urban;no;8;dev_express;90;Oui;Non;[0 – 70k€] ;[0 – 300€] 
704196;M;Panel Truck;16;Commercial;Highly Urban/ Urban;no;0;dev_express;67;Non;Non;[> 210k€] ;[0 – 300€] 
213605;M;Panel Truck;19;Commercial;Highly Urban/ Urban;yes;5;dev_express;61;Non;Non;[> 210k€] ;[0 – 300€] 
657774;F;Minivan;7;Private;Highly Urban/ Urban;no;0;dev_integral;6;Oui;Non;[0 – 70k€] ;[0 – 300€] 
119452;F;z_SUV;8;Commercial;Highly Urban/ Urban;no;0;dev_integral;23;Oui;Non;[70k€ – 140k€] ;[0 – 300€] 
461017;M;Minivan;9;Private;Highly Urban/ Urban;no;2;dev_premium;12;Oui;Non;[70k€ – 140k€] ;[300€ – 600€] 
591999;M;Van;14;Commercial;Highly Urban/ Urban;yes;1;dev_premium;41;Non;Non;[0 – 70k€] ;[300€ – 600€] 
563829;F;z_SUV;1;Private;Highly Urban/ Urban;no;0;dev_premium;64;Non;Non;[0 – 70k€] ;[300€ – 600€] 
250158;M;Van;1;Commercial;Highly Urban/ Urban;yes;2;dev_integral;66;Oui;Non;[0 – 70k€] ;[300€ – 600€] 
620294;M;Sports Car;14;Private;Highly Urban/ Urban;no;0;dev_express;52;Non;Non;[70k€ – 140k€] ;[0 – 300€] 
907266;F;Pickup;0;Private;Highly Urban/ Urban;no;0;dev_premium;83;Non;Non;[70k€ – 140k€] ;[300€ – 600€] 
880722;F;z_SUV;16;Private;z_Highly Rural/ Rural;no;2;dev_premium;11;Non;Non;[0 – 70k€] ;[300€ – 600€] 
488430;M;Pickup;16;Commercial;Highly Urban/ Urban;no;0;dev_integral;78;Non;Non;[70k€ – 140k€] ;[0 – 300€] 
443826;F;Pickup;0;Private;Highly Urban/ Urban;no;0;dev_express;58;Non;Non;[0 – 70k€] ;[0 – 300€] 
490843;M;Pickup;1;Private;Highly Urban/ Urban;no;1;dev_integral;53;Non;Non;[0 – 70k€] ;[300€ – 600€] 
818910;F;z_SUV;1;Private;Highly Urban/ Urban;no;7;dev_integral;40;Oui;Non;[0 – 70k€] ;[300€ – 600€] 
307405;M;Pickup;1;Private;Highly Urban/ Urban;no;6;dev_express;75;Non;Non;[0 – 70k€] ;[0 – 300€] 
13286;F;Panel Truck;1;Commercial;Highly Urban/ Urban;yes;0;dev_integral;38;Oui;Non;[0 – 70k€] ;[300€ – 600€] 
727432;M;Pickup;1;Commercial;Highly Urban/ Urban;yes;5;dev_integral;71;Oui;Oui;[0 – 70k€] ;[300€ – 600€] 
523914;M;Van;16;Private;Highly Urban/ Urban;no;11;dev_integral;18;Non;Non;[70k€ – 140k€] ;[300€ – 600€] 
799532;M;Minivan;1;Private;z_Highly Rural/ Rural;no;2;dev_integral;68;Non;Non;[0 – 70k€] ;[300€ – 600€] 
562563;M;Minivan;7;Commercial;Highly Urban/ Urban;yes;6;dev_integral;85;Non;Non;[70k€ – 140k€] ;[300€ – 600€] 
572235;F;Sports Car;12;Private;Highly Urban/ Urban;no;0;dev_express;91;Non;Non;[70k€ – 140k€] ;[0 – 300€] 
715990;M;z_SUV;7;Commercial;z_Highly Rural/ Rural;no;1;dev_premium;49;Non;Non;[70k€ – 140k€] ;[300€ – 600€] 
618253;M;Minivan;5;Commercial;Highly Urban/ Urban;no;0;dev_premium;44;Oui;Oui;[0 – 70k€] ;[300€ – 600€] 
701336;F;Minivan;1;Private;Highly Urban/ Urban;no;2;dev_integral;60;Non;Non;[0 – 70k€] ;[300€ – 600€] 
771610;F;Panel Truck;18;Commercial;Highly Urban/ Urban;no;6;dev_express;65;Non;Non;[70k€ – 140k€] ;[0 – 300€] 
90140;F;z_SUV;11;Private;z_Highly Rural/ Rural;no;4;dev_integral;73;Oui;Oui;[0 – 70k€] ;[300€ – 600€] 
719430;F;z_SUV;1;Commercial;Highly Urban/ Urban;no;3;dev_express;50;Non;Non;[0 – 70k€] ;[0 – 300€] 
488164;M;Panel Truck;4;Commercial;z_Highly Rural/ Rural;yes;1;dev_vip;22;Non;Non;[0 – 70k€] ;[> 900€] 
509264;F;Pickup;17;Commercial;Highly Urban/ Urban;yes;0;dev_integral;94;Non;Non;[0 – 70k€] ;[0 – 300€] 
139096;F;Minivan;15;Private;Highly Urban/ Urban;no;0;dev_express;11;Non;Non;[0 – 70k€] ;[0 – 300€] 
580823;F;Panel Truck;0;Commercial;Highly Urban/ Urban;yes;5;dev_integral;75;Non;Non;[0 – 70k€] ;[300€ – 600€] 
140382;F;Pickup;1;Commercial;Highly Urban/ Urban;yes;0;dev_express;60;Non;Non;[0 – 70k€] ;[0 – 300€] 
569532;F;Pickup;13;Commercial;Highly Urban/ Urban;no;3;dev_express;84;Non;Non;[70k€ – 140k€] ;[0 – 300€] 
388162;F;Van;12;Private;Highly Urban/ Urban;yes;0;dev_integral;61;Oui;Non;[0 – 70k€] ;[300€ – 600€] 
847162;M;z_SUV;6;Commercial;Highly Urban/ Urban;no;2;dev_premium;80;Oui;Non;[0 – 70k€] ;[300€ – 600€] 
804339;F;Sports Car;9;Private;Highly Urban/ Urban;no;0;dev_integral;61;Oui;Non;[0 – 70k€] ;[0 – 300€] 
504480;F;Pickup;1;Commercial;Highly Urban/ Urban;yes;0;dev_premium;31;Non;Non;[0 – 70k€] ;[300€ – 600€] 
803827;F;Pickup;0;Private;Highly Urban/ Urban;no;0;dev_integral;74;Non;Non;[0 – 70k€] ;[300€ – 600€] 
479952;F;Pickup;19;Commercial;Highly Urban/ Urban;yes;0;dev_integral;52;Non;Non;[0 – 70k€] ;[300€ – 600€] 
14835;F;z_SUV;7;Commercial;Highly Urban/ Urban;no;0;dev_express;89;Oui;Non;[0 – 70k€] ;[0 – 300€] 
884591;M;z_SUV;15;Private;Highly Urban/ Urban;no;2;dev_express;75;Non;Non;[0 – 70k€] ;[0 – 300€] 
187202;F;Pickup;1;Commercial;Highly Urban/ Urban;yes;3;dev_integral;82;Non;Non;[70k€ – 140k€] ;[300€ – 600€] 
382014;M;z_SUV;9;Private;Highly Urban/ Urban;no;4;dev_integral;50;Oui;Non;[70k€ – 140k€] ;[0 – 300€] 
375930;M;z_SUV;6;Private;Highly Urban/ Urban;no;1;dev_integral;66;Oui;Non;[0 – 70k€] ;[0 – 300€] 
622226;F;z_SUV;1;Private;Highly Urban/ Urban;no;2;dev_express;71;Oui;Oui;[0 – 70k€] ;[0 – 300€] 
727286;F;Sports Car;12;Private;Highly Urban/ Urban;no;0;dev_express;85;Oui;Non;[0 – 70k€] ;[0 – 300€] 
662419;M;Pickup;4;Commercial;Highly Urban/ Urban;yes;7;dev_express;29;Non;Non;[0 – 70k€] ;[0 – 300€] 
212072;F;z_SUV;8;Private;Highly Urban/ Urban;no;1;dev_integral;93;Oui;Non;[0 – 70k€] ;[300€ – 600€] 
559615;F;z_SUV;20;Private;Highly Urban/ Urban;no;0;dev_premium;54;Non;Non;[140k€ – 210k€] ;[300€ – 600€] 
44407;M;Van;4;Commercial;Highly Urban/ Urban;no;0;dev_express;40;Non;Non;[0 – 70k€] ;[0 – 300€] 
93229;F;Minivan;10;Commercial;Highly Urban/ Urban;no;0;dev_express;26;Oui;Non;[0 – 70k€] ;[0 – 300€] 
776447;F;Pickup;0;Commercial;Highly Urban/ Urban;no;0;dev_integral;37;Non;Non;[70k€ – 140k€] ;[0 – 300€] 
859556;F;Van;1;Commercial;Highly Urban/ Urban;yes;5;dev_integral;53;Non;Non;[70k€ – 140k€] ;[300€ – 600€] 
804796;F;Sports Car;8;Private;Highly Urban/ Urban;no;2;dev_premium;38;Oui;Non;[0 – 70k€] ;[300€ – 600€] 
334028;M;Pickup;1;Private;Highly Urban/ Urban;yes;0;dev_integral;29;Non;Non;[140k€ – 210k€] ;[0 – 300€] 
964980;M;Minivan;1;Private;Highly Urban/ Urban;yes;1;dev_integral;38;Oui;Oui;[70k€ – 140k€] ;[0 – 300€] 
27569;M;z_SUV;9;Private;z_Highly Rural/ Rural;no;0;dev_premium;60;Non;Non;[0 – 70k€] ;[300€ – 600€] 
288577;M;Sports Car;5;Private;Highly Urban/ Urban;no;1;dev_express;49;Non;Non;[70k€ – 140k€] ;[0 – 300€] 
175317;M;Panel Truck;12;Commercial;Highly Urban/ Urban;no;0;dev_express;35;Non;Non;[70k€ – 140k€] ;[0 – 300€] 
618673;F;Minivan;11;Private;Highly Urban/ Urban;no;2;dev_integral;60;Non;Non;[0 – 70k€] ;[0 – 300€] 
66425;M;Pickup;5;Commercial;z_Highly Rural/ Rural;no;0;dev_integral;76;Oui;Oui;[0 – 70k€] ;[0 – 300€] 
915361;M;Pickup;12;Commercial;z_Highly Rural/ Rural;yes;1;dev_express;88;Non;Non;[0 – 70k€] ;[0 – 300€] 
844301;F;Van;0;Commercial;Highly Urban/ Urban;yes;0;dev_express;3;Oui;Oui;[140k€ – 210k€] ;[0 – 300€] 
148117;F;Panel Truck;0;Commercial;Highly Urban/ Urban;no;1;dev_premium;13;Non;Non;[70k€ – 140k€] ;[300€ – 600€] 
775162;F;z_SUV;6;Private;Highly Urban/ Urban;no;2;dev_integral;21;Non;Non;[0 – 70k€] ;[300€ – 600€] 
596776;F;Minivan;1;Commercial;Highly Urban/ Urban;no;6;dev_integral;59;Oui;Oui;[0 – 70k€] ;[300€ – 600€] 
499466;F;z_SUV;6;Private;Highly Urban/ Urban;no;7;dev_express;57;Oui;Non;[0 – 70k€] ;[0 – 300€] 
395686;M;Minivan;9;Private;Highly Urban/ Urban;yes;1;dev_express;30;Non;Non;[70k€ – 140k€] ;[0 – 300€] 
420035;M;z_SUV;4;Private;Highly Urban/ Urban;no;7;dev_premium;25;Oui;Non;[0 – 70k€] ;[300€ – 600€] 
157567;F;Pickup;9;Private;Highly Urban/ Urban;no;2;dev_integral;8;Oui;Non;[0 – 70k€] ;[300€ – 600€] 
462702;M;z_SUV;1;Private;Highly Urban/ Urban;no;1;dev_express;59;Non;Non;[0 – 70k€] ;[0 – 300€] 
750177;F;z_SUV;1;Private;Highly Urban/ Urban;no;8;dev_express;23;Oui;Non;[0 – 70k€] ;[0 – 300€] 
580674;F;z_SUV;8;Private;Highly Urban/ Urban;no;1;dev_integral;78;Non;Non;[0 – 70k€] ;[300€ – 600€] 
285778;M;Panel Truck;18;Commercial;Highly Urban/ Urban;yes;0;dev_integral;30;Non;Non;[70k€ – 140k€] ;[0 – 300€] 
425314;M;Minivan;11;Private;Highly Urban/ Urban;no;0;dev_integral;31;Non;Non;[140k€ – 210k€] ;[300€ – 600€] 
279694;F;Pickup;6;Commercial;Highly Urban/ Urban;yes;1;dev_express;70;Non;Non;[0 – 70k€] ;[0 – 300€] 
333846;F;z_SUV;1;Private;z_Highly Rural/ Rural;no;0;dev_integral;72;Non;Non;[0 – 70k€] ;[300€ – 600€] 
653339;F;Van;1;Private;Highly Urban/ Urban;yes;6;dev_express;69;Oui;Non;[0 – 70k€] ;[0 – 300€] 
777389;F;z_SUV;0;Private;Highly Urban/ Urban;no;0;dev_express;26;Oui;Non;[0 – 70k€] ;[0 – 300€] 
934881;F;Minivan;7;Private;Highly Urban/ Urban;no;3;dev_premium;54;Oui;Oui;[0 – 70k€] ;[300€ – 600€] 
535257;F;Sports Car;10;Private;Highly Urban/ Urban;no;1;dev_integral;73;Non;Non;[70k€ – 140k€] ;[300€ – 600€] 
132029;F;Minivan;1;Private;z_Highly Rural/ Rural;no;0;dev_integral;6;Non;Non;[0 – 70k€] ;[0 – 300€] 
322692;F;Sports Car;1;Private;Highly Urban/ Urban;no;1;dev_integral;23;Oui;Oui;[0 – 70k€] ;[0 – 300€] 
789691;M;z_SUV;1;Commercial;z_Highly Rural/ Rural;no;0;dev_premium;62;Non;Non;[0 – 70k€] ;[300€ – 600€] 
491114;M;Sports Car;10;Private;Highly Urban/ Urban;no;5;dev_express;10;Oui;Non;[0 – 70k€] ;[0 – 300€] 
973754;M;Minivan;8;Commercial;Highly Urban/ Urban;no;0;dev_express;30;Oui;Non;[0 – 70k€] ;[0 – 300€] 
304720;F;z_SUV;10;Private;Highly Urban/ Urban;no;1;dev_express;60;Oui;Oui;[0 – 70k€] ;[0 – 300€] 
858256;M;z_SUV;6;Private;Highly Urban/ Urban;no;2;dev_express;75;Oui;Non;[0 – 70k€] ;[0 – 300€] 
276073;F;Pickup;11;Commercial;z_Highly Rural/ Rural;yes;2;dev_integral;77;Non;Non;[0 – 70k€] ;[0 – 300€] 
151442;M;z_SUV;1;Private;Highly Urban/ Urban;no;4;dev_integral;52;Non;Non;[0 – 70k€] ;[300€ – 600€] 
971946;F;Panel Truck;8;Commercial;Highly Urban/ Urban;yes;4;dev_premium;10;Non;Non;[70k€ – 140k€] ;[300€ – 600€] 
777750;F;Minivan;0;Private;z_Highly Rural/ Rural;no;3;dev_premium;23;Non;Non;[0 – 70k€] ;[300€ – 600€] 
735364;F;Van;13;Commercial;Highly Urban/ Urban;yes;1;dev_integral;74;Non;Non;[70k€ – 140k€] ;[0 – 300€] 
475218;M;Pickup;1;Commercial;Highly Urban/ Urban;yes;1;dev_integral;15;Oui;Oui;[0 – 70k€] ;[300€ – 600€] 
241309;M;Pickup;19;Private;Highly Urban/ Urban;no;0;dev_integral;51;Non;Non;[140k€ – 210k€] ;[300€ – 600€] 
329525;M;z_SUV;9;Private;z_Highly Rural/ Rural;no;1;dev_integral;93;Non;Non;[0 – 70k€] ;[300€ – 600€] 
924019;M;Pickup;0;Private;Highly Urban/ Urban;yes;0;dev_express;21;Non;Non;[0 – 70k€] ;[0 – 300€] 
789345;F;Minivan;15;Private;Highly Urban/ Urban;no;0;dev_express;62;Non;Non;[70k€ – 140k€] ;[0 – 300€] 
769994;F;Pickup;10;Private;z_Highly Rural/ Rural;no;0;dev_premium;76;Non;Non;[0 – 70k€] ;[300€ – 600€] 
508083;F;z_SUV;7;Private;Highly Urban/ Urban;no;0;dev_integral;8;Non;Non;[140k€ – 210k€] ;[300€ – 600€] 
711371;F;Pickup;1;Commercial;Highly Urban/ Urban;no;0;dev_express;60;Oui;Non;[0 – 70k€] ;[0 – 300€] 
177306;F;Van;12;Commercial;Highly Urban/ Urban;no;2;dev_express;87;Non;Non;[70k€ – 140k€] ;[0 – 300€] 
436;F;Pickup;1;Private;z_Highly Rural/ Rural;yes;1;dev_integral;55;Non;Non;[0 – 70k€] ;[300€ – 600€] 
556556;M;Minivan;8;Commercial;Highly Urban/ Urban;yes;0;dev_integral;54;Non;Non;[0 – 70k€] ;[0 – 300€] 
301489;F;Van;10;Commercial;Highly Urban/ Urban;yes;3;dev_premium;46;Non;Non;[140k€ – 210k€] ;[300€ – 600€] 
976132;F;Minivan;13;Private;Highly Urban/ Urban;no;0;dev_express;54;Non;Non;[140k€ – 210k€] ;[0 – 300€] 
26190;F;z_SUV;1;Private;Highly Urban/ Urban;no;0;dev_express;60;Non;Non;[70k€ – 140k€] ;[0 – 300€] 
396024;M;z_SUV;1;Commercial;Highly Urban/ Urban;no;2;dev_express;64;Oui;Non;[0 – 70k€] ;[0 – 300€] 
735362;F;Minivan;17;Commercial;Highly Urban/ Urban;yes;1;dev_integral;20;Non;Non;[0 – 70k€] ;[0 – 300€] 
908197;M;Pickup;7;Commercial;z_Highly Rural/ Rural;yes;0;dev_premium;59;Non;Non;[0 – 70k€] ;[300€ – 600€] 
632803;M;Minivan;21;Private;Highly Urban/ Urban;no;0;dev_express;58;Non;Non;[70k€ – 140k€] ;[0 – 300€] 
772048;M;Minivan;8;Private;Highly Urban/ Urban;yes;0;dev_integral;57;Oui;Non;[70k€ – 140k€] ;[300€ – 600€] 
242172;F;Minivan;1;Commercial;Highly Urban/ Urban;no;7;dev_integral;63;Oui;Non;[70k€ – 140k€] ;[0 – 300€] 
19736;F;Panel Truck;11;Commercial;Highly Urban/ Urban;yes;0;dev_express;35;Non;Non;[70k€ – 140k€] ;[0 – 300€] 
726084;M;Minivan;22;Private;Highly Urban/ Urban;yes;0;dev_integral;31;Non;Non;[0 – 70k€] ;[300€ – 600€] 
412015;F;z_SUV;10;Commercial;Highly Urban/ Urban;no;4;dev_premium;84;Non;Non;[70k€ – 140k€] ;[300€ – 600€] 
713246;M;Minivan;0;Private;Highly Urban/ Urban;no;0;dev_integral;71;Non;Non;[0 – 70k€] ;[300€ – 600€] 
300297;F;z_SUV;8;Private;Highly Urban/ Urban;no;2;dev_integral;69;Non;Non;[0 – 70k€] ;[0 – 300€] 
844948;M;Minivan;4;Commercial;z_Highly Rural/ Rural;no;0;dev_integral;6;Oui;Oui;[0 – 70k€] ;[300€ – 600€] 
945803;M;Minivan;0;Private;Highly Urban/ Urban;no;3;dev_express;18;Non;Non;[70k€ – 140k€] ;[0 – 300€] 
90840;F;z_SUV;7;Private;Highly Urban/ Urban;no;5;dev_express;82;Non;Non;[0 – 70k€] ;[0 – 300€] 
457951;F;Minivan;1;Private;Highly Urban/ Urban;yes;0;dev_premium;61;Non;Non;[0 – 70k€] ;[300€ – 600€] 
536717;M;Pickup;1;Commercial;Highly Urban/ Urban;no;0;dev_express;34;Non;Non;[0 – 70k€] ;[0 – 300€] 
467784;F;z_SUV;6;Private;Highly Urban/ Urban;no;9;dev_integral;62;Oui;Oui;[0 – 70k€] ;[300€ – 600€] 
610156;M;Pickup;4;Commercial;z_Highly Rural/ Rural;no;0;dev_integral;86;Oui;Non;[70k€ – 140k€] ;[300€ – 600€] 
214939;M;Sports Car;0;Private;Highly Urban/ Urban;no;0;dev_express;84;Oui;Non;[0 – 70k€] ;[0 – 300€] 
856458;F;Minivan;9;Private;Highly Urban/ Urban;no;0;dev_express;79;Non;Non;[0 – 70k€] ;[0 – 300€] 
119215;M;Panel Truck;1;Commercial;Highly Urban/ Urban;yes;4;dev_express;56;Oui;Non;[0 – 70k€] ;[0 – 300€] 
278153;M;Pickup;8;Commercial;z_Highly Rural/ Rural;yes;2;dev_express;54;Oui;Oui;[0 – 70k€] ;[0 – 300€] 
742563;M;Pickup;1;Commercial;Highly Urban/ Urban;yes;3;dev_express;91;Non;Non;[0 – 70k€] ;[0 – 300€] 
700756;M;Pickup;13;Commercial;z_Highly Rural/ Rural;yes;2;dev_premium;73;Oui;Non;[0 – 70k€] ;[300€ – 600€] 
106177;M;Pickup;9;Private;Highly Urban/ Urban;yes;3;dev_express;48;Oui;Non;[0 – 70k€] ;[0 – 300€] 
295673;F;z_SUV;1;Commercial;Highly Urban/ Urban;no;1;dev_express;60;Non;Non;[0 – 70k€] ;[0 – 300€] 
579616;F;Minivan;0;Private;z_Highly Rural/ Rural;yes;2;dev_express;67;Oui;Non;[0 – 70k€] ;[0 – 300€] 
54748;F;Sports Car;8;Private;z_Highly Rural/ Rural;no;2;dev_integral;38;Oui;Non;[0 – 70k€] ;[0 – 300€] 
322669;F;Pickup;1;Private;Highly Urban/ Urban;yes;1;dev_express;51;Non;Non;[0 – 70k€] ;[0 – 300€] 
206257;M;Pickup;15;Private;Highly Urban/ Urban;no;2;dev_integral;7;Non;Non;[140k€ – 210k€] ;[300€ – 600€] 
163666;F;Sports Car;18;Private;Highly Urban/ Urban;no;7;dev_express;6;Oui;Oui;[70k€ – 140k€] ;[0 – 300€] 
747950;M;Minivan;12;Private;Highly Urban/ Urban;no;2;dev_express;90;Non;Non;[70k€ – 140k€] ;[0 – 300€] 
465230;M;Minivan;17;Private;z_Highly Rural/ Rural;yes;0;dev_integral;88;Non;Non;[0 – 70k€] ;[300€ – 600€] 
818396;F;Sports Car;1;Private;Highly Urban/ Urban;no;0;dev_integral;57;Non;Non;[0 – 70k€] ;[300€ – 600€] 
802191;F;Panel Truck;14;Commercial;z_Highly Rural/ Rural;yes;0;dev_integral;84;Oui;Oui;[70k€ – 140k€] ;[300€ – 600€] 
80783;M;Sports Car;9;Private;Highly Urban/ Urban;no;2;dev_integral;60;Non;Non;[0 – 70k€] ;[0 – 300€] 
865446;M;z_SUV;7;Private;Highly Urban/ Urban;no;3;dev_express;29;Non;Non;[0 – 70k€] ;[0 – 300€] 
526105;F;Sports Car;9;Private;Highly Urban/ Urban;no;0;dev_integral;69;Non;Non;[0 – 70k€] ;[0 – 300€] 
420638;M;z_SUV;12;Private;Highly Urban/ Urban;no;3;dev_integral;74;Non;Non;[140k€ – 210k€] ;[0 – 300€] 
664668;F;Pickup;11;Private;z_Highly Rural/ Rural;yes;2;dev_premium;30;Oui;Non;[0 – 70k€] ;[300€ – 600€] 
91711;M;z_SUV;18;Private;Highly Urban/ Urban;no;0;dev_integral;38;Non;Non;[70k€ – 140k€] ;[300€ – 600€] 
825957;M;Sports Car;20;Private;Highly Urban/ Urban;no;0;dev_integral;73;Non;Non;[0 – 70k€] ;[300€ – 600€] 
766174;M;z_SUV;9;Commercial;Highly Urban/ Urban;no;4;dev_integral;87;Non;Non;[0 – 70k€] ;[300€ – 600€] 
971681;M;z_SUV;5;Commercial;Highly Urban/ Urban;no;0;dev_integral;47;Non;Non;[0 – 70k€] ;[300€ – 600€] 
584123;M;Pickup;7;Commercial;Highly Urban/ Urban;no;1;dev_express;93;Oui;Oui;[0 – 70k€] ;[0 – 300€] 
192238;M;Minivan;1;Private;z_Highly Rural/ Rural;no;0;dev_express;17;Non;Non;[0 – 70k€] ;[0 – 300€] 
521575;M;Minivan;0;Private;Highly Urban/ Urban;no;0;dev_integral;6;Oui;Non;[70k€ – 140k€] ;[300€ – 600€] 
285583;F;Panel Truck;0;Commercial;Highly Urban/ Urban;yes;0;dev_integral;67;Non;Non;[0 – 70k€] ;[300€ – 600€] 
978809;M;Pickup;1;Private;Highly Urban/ Urban;yes;4;dev_integral;90;Non;Non;[0 – 70k€] ;[300€ – 600€] 
226652;M;Minivan;19;Private;Highly Urban/ Urban;yes;0;dev_express;3;Non;Non;[0 – 70k€] ;[0 – 300€] 
968668;M;Sports Car;10;Private;Highly Urban/ Urban;no;0;dev_integral;19;Non;Non;[0 – 70k€] ;[300€ – 600€] 
858503;M;Van;18;Commercial;Highly Urban/ Urban;yes;3;dev_integral;36;Non;Non;[0 – 70k€] ;[300€ – 600€] 
980053;M;Minivan;10;Private;Highly Urban/ Urban;no;1;dev_express;53;Oui;Non;[0 – 70k€] ;[0 – 300€] 
272482;F;Van;1;Private;Highly Urban/ Urban;no;0;dev_integral;25;Oui;Non;[0 – 70k€] ;[0 – 300€] 
939202;M;z_SUV;16;Private;Highly Urban/ Urban;no;4;dev_express;26;Oui;Oui;[70k€ – 140k€] ;[0 – 300€] 
806298;F;z_SUV;9;Private;Highly Urban/ Urban;no;0;dev_express;58;Non;Non;[0 – 70k€] ;[0 – 300€] 
497177;M;Pickup;7;Private;Highly Urban/ Urban;no;1;dev_integral;15;Oui;Oui;[0 – 70k€] ;[300€ – 600€] 
762360;F;Pickup;15;Private;Highly Urban/ Urban;no;0;dev_integral;87;Non;Non;[140k€ – 210k€] ;[0 – 300€] 
436475;M;z_SUV;13;Private;Highly Urban/ Urban;no;4;dev_express;32;Non;Non;[0 – 70k€] ;[0 – 300€] 
983691;F;Minivan;14;Private;Highly Urban/ Urban;no;0;dev_premium;63;Non;Non;[140k€ – 210k€] ;[300€ – 600€] 
17940;F;Panel Truck;24;Commercial;Highly Urban/ Urban;yes;0;dev_premium;22;Oui;Non;[70k€ – 140k€] ;[300€ – 600€] 
371601;F;Pickup;10;Commercial;Highly Urban/ Urban;no;3;dev_express;68;Non;Non;[0 – 70k€] ;[0 – 300€] 
184663;F;z_SUV;13;Private;Highly Urban/ Urban;no;4;dev_express;74;Non;Non;[70k€ – 140k€] ;[0 – 300€] 
444133;F;Pickup;17;Private;z_Highly Rural/ Rural;yes;0;dev_express;9;Non;Non;[0 – 70k€] ;[0 – 300€] 
137823;M;Van;8;Commercial;Highly Urban/ Urban;yes;4;dev_integral;86;Oui;Non;[70k€ – 140k€] ;[0 – 300€] 
295287;F;Pickup;15;Private;Highly Urban/ Urban;yes;0;dev_integral;65;Non;Non;[70k€ – 140k€] ;[0 – 300€] 
270183;M;Minivan;10;Commercial;Highly Urban/ Urban;no;1;dev_express;18;Non;Non;[0 – 70k€] ;[0 – 300€] 
780881;M;Minivan;1;Private;Highly Urban/ Urban;yes;3;dev_integral;58;Non;Non;[0 – 70k€] ;[300€ – 600€] 
245601;M;z_SUV;1;Private;Highly Urban/ Urban;no;8;dev_integral;47;Non;Non;[70k€ – 140k€] ;[300€ – 600€] 
302461;M;Minivan;1;Private;Highly Urban/ Urban;yes;2;dev_premium;56;Oui;Non;[0 – 70k€] ;[300€ – 600€] 
560896;M;Panel Truck;10;Commercial;Highly Urban/ Urban;yes;0;dev_express;51;Oui;Non;[0 – 70k€] ;[0 – 300€] 
554933;M;Minivan;13;Private;Highly Urban/ Urban;yes;1;dev_express;56;Oui;Non;[0 – 70k€] ;[0 – 300€] 
72582;M;Minivan;7;Private;z_Highly Rural/ Rural;yes;0;dev_integral;90;Non;Non;[0 – 70k€] ;[300€ – 600€] 
806037;F;Minivan;0;Commercial;Highly Urban/ Urban;no;0;dev_integral;39;Non;Non;[70k€ – 140k€] ;[300€ – 600€] 
836916;M;Sports Car;1;Private;Highly Urban/ Urban;no;2;dev_integral;89;Non;Non;[0 – 70k€] ;[300€ – 600€] 
705473;M;z_SUV;5;Private;Highly Urban/ Urban;no;1;dev_premium;93;Oui;Oui;[70k€ – 140k€] ;[300€ – 600€] 
292508;M;z_SUV;10;Private;z_Highly Rural/ Rural;no;0;dev_premium;88;Oui;Non;[0 – 70k€] ;[300€ – 600€] 
525062;M;z_SUV;3;Private;Highly Urban/ Urban;no;5;dev_integral;63;Non;Non;[0 – 70k€] ;[0 – 300€] 
517971;M;z_SUV;1;Private;z_Highly Rural/ Rural;no;0;dev_express;38;Oui;Oui;[0 – 70k€] ;[0 – 300€] 
870424;F;Pickup;1;Private;Highly Urban/ Urban;yes;0;dev_express;80;Non;Non;[0 – 70k€] ;[0 – 300€] 
254490;F;Panel Truck;10;Commercial;Highly Urban/ Urban;yes;5;dev_integral;51;Non;Non;[140k€ – 210k€] ;[300€ – 600€] 
955352;M;Van;0;Private;Highly Urban/ Urban;yes;6;dev_express;7;Non;Non;[70k€ – 140k€] ;[0 – 300€] 
267899;M;z_SUV;14;Private;Highly Urban/ Urban;no;0;dev_integral;5;Oui;Non;[70k€ – 140k€] ;[300€ – 600€] 
767826;F;z_SUV;6;Private;Highly Urban/ Urban;no;0;dev_integral;83;Non;Non;[0 – 70k€] ;[300€ – 600€] 
746234;M;Sports Car;19;Private;Highly Urban/ Urban;no;1;dev_express;87;Non;Non;[0 – 70k€] ;[0 – 300€] 
733389;M;Minivan;6;Private;z_Highly Rural/ Rural;yes;2;dev_integral;43;Non;Non;[0 – 70k€] ;[300€ – 600€] 
491344;M;Minivan;14;Private;Highly Urban/ Urban;yes;2;dev_integral;90;Non;Non;[140k€ – 210k€] ;[0 – 300€] 
297899;M;Sports Car;20;Private;z_Highly Rural/ Rural;no;2;dev_premium;65;Non;Non;[0 – 70k€] ;[300€ – 600€] 
487402;F;Pickup;7;Commercial;Highly Urban/ Urban;yes;7;dev_integral;32;Oui;Non;[70k€ – 140k€] ;[0 – 300€] 
238404;M;Pickup;1;Commercial;z_Highly Rural/ Rural;yes;2;dev_premium;59;Oui;Oui;[0 – 70k€] ;[300€ – 600€] 
998134;M;z_SUV;13;Commercial;Highly Urban/ Urban;no;1;dev_express;60;Oui;Oui;[70k€ – 140k€] ;[0 – 300€] 
215814;F;Minivan;13;Private;Highly Urban/ Urban;no;0;dev_integral;62;Oui;Oui;[0 – 70k€] ;[300€ – 600€] 
871236;M;Panel Truck;6;Commercial;Highly Urban/ Urban;yes;0;dev_express;66;Non;Non;[> 210k€] ;[0 – 300€] 
433167;F;z_SUV;1;Commercial;Highly Urban/ Urban;no;3;dev_premium;12;Non;Non;[70k€ – 140k€] ;[300€ – 600€] 
690217;M;Sports Car;7;Private;z_Highly Rural/ Rural;no;0;dev_premium;33;Non;Non;[0 – 70k€] ;[300€ – 600€] 
481608;F;Minivan;15;Private;Highly Urban/ Urban;yes;1;dev_integral;59;Oui;Non;[0 – 70k€] ;[300€ – 600€] 
976476;M;Van;13;Commercial;Highly Urban/ Urban;yes;0;dev_premium;54;Non;Non;[0 – 70k€] ;[300€ – 600€] 
299433;M;Minivan;7;Commercial;Highly Urban/ Urban;no;2;dev_integral;71;Non;Non;[0 – 70k€] ;[0 – 300€] 
578879;F;z_SUV;7;Commercial;z_Highly Rural/ Rural;no;0;dev_express;6;Oui;Non;[0 – 70k€] ;[0 – 300€] 
593057;M;Minivan;7;Private;Highly Urban/ Urban;no;0;dev_integral;66;Non;Non;[70k€ – 140k€] ;[300€ – 600€] 
612966;M;Minivan;16;Private;Highly Urban/ Urban;yes;0;dev_integral;25;Oui;Non;[70k€ – 140k€] ;[300€ – 600€] 
601640;F;z_SUV;15;Private;z_Highly Rural/ Rural;no;0;dev_premium;38;Non;Non;[70k€ – 140k€] ;[300€ – 600€] 
933740;M;Minivan;7;Commercial;Highly Urban/ Urban;no;0;dev_premium;8;Non;Non;[0 – 70k€] ;[300€ – 600€] 
227948;M;Van;18;Private;Highly Urban/ Urban;yes;0;dev_integral;17;Non;Non;[140k€ – 210k€] ;[300€ – 600€] 
454563;F;Sports Car;21;Private;Highly Urban/ Urban;no;4;dev_express;73;Non;Non;[140k€ – 210k€] ;[0 – 300€] 
271758;F;z_SUV;13;Private;z_Highly Rural/ Rural;no;1;dev_integral;15;Non;Non;[70k€ – 140k€] ;[300€ – 600€] 
765422;M;Sports Car;11;Private;Highly Urban/ Urban;no;0;dev_integral;57;Oui;Oui;[0 – 70k€] ;[300€ – 600€] 
546160;F;Sports Car;0;Commercial;Highly Urban/ Urban;no;2;dev_integral;7;Non;Non;[0 – 70k€] ;[0 – 300€] 
93329;F;Minivan;0;Private;z_Highly Rural/ Rural;yes;2;dev_express;31;Non;Non;[70k€ – 140k€] ;[0 – 300€] 
734369;M;Minivan;5;Private;Highly Urban/ Urban;yes;3;dev_integral;71;Oui;Non;[0 – 70k€] ;[300€ – 600€] 
9359;F;Panel Truck;17;Commercial;z_Highly Rural/ Rural;yes;0;dev_express;20;Non;Non;[140k€ – 210k€] ;[0 – 300€] 
35756;M;Sports Car;14;Private;Highly Urban/ Urban;no;3;dev_express;20;Non;Non;[70k€ – 140k€] ;[0 – 300€] 
915256;M;Pickup;10;Private;Highly Urban/ Urban;no;0;dev_integral;22;Non;Non;[70k€ – 140k€] ;[0 – 300€] 
781137;M;Sports Car;11;Commercial;Highly Urban/ Urban;no;1;dev_integral;21;Non;Non;[0 – 70k€] ;[300€ – 600€] 
961845;M;Van;18;Private;Highly Urban/ Urban;no;0;dev_integral;20;Non;Non;[0 – 70k€] ;[300€ – 600€] 
785275;M;Pickup;1;Private;z_Highly Rural/ Rural;no;3;dev_premium;17;Non;Non;[0 – 70k€] ;[300€ – 600€] 
801031;F;Minivan;11;Private;Highly Urban/ Urban;no;2;dev_express;65;Non;Non;[70k€ – 140k€] ;[0 – 300€] 
498764;M;Minivan;13;Private;Highly Urban/ Urban;no;0;dev_express;13;Non;Non;[140k€ – 210k€] ;[0 – 300€] 
631078;M;Minivan;9;Commercial;Highly Urban/ Urban;yes;0;dev_premium;39;Non;Non;[70k€ – 140k€] ;[300€ – 600€] 
650749;M;Sports Car;1;Private;Highly Urban/ Urban;no;4;dev_integral;48;Non;Non;[0 – 70k€] ;[0 – 300€] 
262679;M;Pickup;8;Private;Highly Urban/ Urban;yes;0;dev_integral;21;Non;Non;[0 – 70k€] ;[300€ – 600€] 
661928;M;Minivan;15;Private;Highly Urban/ Urban;yes;1;dev_integral;5;Non;Non;[70k€ – 140k€] ;[300€ – 600€] 
784697;F;Sports Car;8;Private;Highly Urban/ Urban;no;2;dev_integral;94;Non;Non;[0 – 70k€] ;[0 – 300€] 
956403;F;Van;7;Commercial;Highly Urban/ Urban;no;1;dev_express;18;Oui;Non;[70k€ – 140k€] ;[0 – 300€] 
698398;F;Pickup;10;Commercial;Highly Urban/ Urban;no;4;dev_integral;22;Oui;Oui;[0 – 70k€] ;[300€ – 600€] 
918318;F;Panel Truck;0;Commercial;z_Highly Rural/ Rural;no;0;dev_integral;28;Non;Non;[70k€ – 140k€] ;[300€ – 600€] 
39228;F;z_SUV;1;Private;z_Highly Rural/ Rural;no;0;dev_integral;68;Non;Non;[0 – 70k€] ;[0 – 300€] 
986117;F;Pickup;1;Commercial;Highly Urban/ Urban;no;2;dev_express;75;Oui;Non;[0 – 70k€] ;[0 – 300€] 
676913;F;Pickup;1;Commercial;Highly Urban/ Urban;no;1;dev_premium;85;Non;Non;[0 – 70k€] ;[300€ – 600€] 
196065;M;Sports Car;1;Private;Highly Urban/ Urban;no;4;dev_premium;69;Oui;Oui;[0 – 70k€] ;[300€ – 600€] 
470680;F;Minivan;7;Private;Highly Urban/ Urban;yes;0;dev_integral;17;Non;Non;[0 – 70k€] ;[300€ – 600€] 
699190;F;z_SUV;1;Private;z_Highly Rural/ Rural;no;0;dev_integral;32;Non;Non;[0 – 70k€] ;[0 – 300€] 
184084;M;Minivan;7;Private;z_Highly Rural/ Rural;yes;2;dev_integral;58;Oui;Oui;[0 – 70k€] ;[300€ – 600€] 
155875;F;Minivan;17;Private;Highly Urban/ Urban;no;6;dev_premium;49;Non;Non;[140k€ – 210k€] ;[300€ – 600€] 
996600;F;z_SUV;1;Private;Highly Urban/ Urban;no;0;dev_integral;20;Non;Non;[70k€ – 140k€] ;[300€ – 600€] 
595211;M;Minivan;25;Private;Highly Urban/ Urban;no;0;dev_express;74;Oui;Non;[70k€ – 140k€] ;[0 – 300€] 
505112;M;Minivan;9;Commercial;z_Highly Rural/ Rural;no;1;dev_integral;59;Non;Non;[70k€ – 140k€] ;[300€ – 600€] 
368699;M;Pickup;16;Commercial;Highly Urban/ Urban;no;0;dev_integral;29;Non;Non;[140k€ – 210k€] ;[300€ – 600€] 
60471;F;Sports Car;0;Private;Highly Urban/ Urban;no;0;dev_integral;31;Oui;Non;[70k€ – 140k€] ;[300€ – 600€] 
451944;M;z_SUV;8;Commercial;z_Highly Rural/ Rural;no;1;dev_premium;65;Non;Non;[0 – 70k€] ;[300€ – 600€] 
582518;F;z_SUV;1;Private;Highly Urban/ Urban;no;0;dev_integral;61;Non;Non;[0 – 70k€] ;[300€ – 600€] 
320364;M;Minivan;1;Commercial;Highly Urban/ Urban;no;6;dev_integral;69;Oui;Non;[0 – 70k€] ;[0 – 300€] 
752376;F;Panel Truck;18;Commercial;Highly Urban/ Urban;no;0;dev_vip;42;Oui;Oui;[> 210k€] ;[600€ – 900€] 
379178;M;z_SUV;1;Commercial;Highly Urban/ Urban;no;0;dev_integral;57;Oui;Non;[0 – 70k€] ;[300€ – 600€] 
955506;F;z_SUV;1;Private;z_Highly Rural/ Rural;no;0;dev_integral;78;Non;Non;[0 – 70k€] ;[300€ – 600€] 
839689;M;Van;1;Commercial;Highly Urban/ Urban;yes;1;dev_integral;56;Oui;Oui;[0 – 70k€] ;[0 – 300€] 
402466;F;z_SUV;6;Private;z_Highly Rural/ Rural;no;2;dev_integral;72;Oui;Oui;[0 – 70k€] ;[300€ – 600€] 
563475;F;Minivan;11;Private;Highly Urban/ Urban;yes;1;dev_integral;74;Non;Non;[70k€ – 140k€] ;[300€ – 600€] 
313118;F;Pickup;4;Commercial;Highly Urban/ Urban;no;1;dev_premium;80;Non;Non;[0 – 70k€] ;[300€ – 600€] 
29459;F;Pickup;14;Commercial;z_Highly Rural/ Rural;yes;4;dev_integral;28;Non;Non;[0 – 70k€] ;[300€ – 600€] 
750520;M;Van;22;Private;z_Highly Rural/ Rural;no;2;dev_vip;76;Non;Non;[0 – 70k€] ;[> 900€] 
455953;M;Minivan;16;Private;Highly Urban/ Urban;no;5;dev_premium;54;Oui;Non;[0 – 70k€] ;[300€ – 600€] 
17;M;Sports Car;6;Private;Highly Urban/ Urban;no;0;dev_integral;46;Non;Non;[0 – 70k€] ;[300€ – 600€] 
765370;M;Pickup;18;Commercial;Highly Urban/ Urban;yes;4;dev_integral;44;Oui;Oui;[70k€ – 140k€] ;[300€ – 600€] 
134759;M;z_SUV;1;Private;Highly Urban/ Urban;no;0;dev_premium;78;Oui;Oui;[0 – 70k€] ;[300€ – 600€] 
19118;M;Minivan;12;Private;Highly Urban/ Urban;yes;0;dev_integral;7;Non;Non;[0 – 70k€] ;[300€ – 600€] 
865889;F;Minivan;13;Commercial;Highly Urban/ Urban;no;4;dev_integral;53;Non;Non;[0 – 70k€] ;[300€ – 600€] 
799332;F;z_SUV;1;Private;Highly Urban/ Urban;no;2;dev_integral;11;Non;Non;[0 – 70k€] ;[300€ – 600€] 
135786;M;z_SUV;15;Private;Highly Urban/ Urban;no;4;dev_integral;24;Oui;Oui;[70k€ – 140k€] ;[300€ – 600€] 
338207;F;z_SUV;8;Commercial;z_Highly Rural/ Rural;no;3;dev_express;22;Oui;Non;[0 – 70k€] ;[0 – 300€] 
200937;M;z_SUV;1;Private;z_Highly Rural/ Rural;no;1;dev_integral;39;Oui;Non;[0 – 70k€] ;[0 – 300€] 
938805;M;Pickup;1;Private;z_Highly Rural/ Rural;no;1;dev_express;69;Oui;Non;[0 – 70k€] ;[0 – 300€] 
392113;F;Pickup;6;Commercial;Highly Urban/ Urban;no;1;dev_integral;46;Non;Non;[0 – 70k€] ;[0 – 300€] 
658319;M;Minivan;1;Commercial;z_Highly Rural/ Rural;yes;0;dev_express;81;Non;Non;[0 – 70k€] ;[0 – 300€] 
128806;M;Pickup;16;Commercial;Highly Urban/ Urban;no;4;dev_integral;87;Oui;Non;[70k€ – 140k€] ;[300€ – 600€] 
575342;F;z_SUV;11;Commercial;Highly Urban/ Urban;no;5;dev_integral;66;Oui;Non;[0 – 70k€] ;[0 – 300€] 
743038;F;Minivan;15;Private;Highly Urban/ Urban;yes;5;dev_integral;34;Non;Non;[0 – 70k€] ;[0 – 300€] 
358875;M;z_SUV;1;Commercial;Highly Urban/ Urban;no;3;dev_integral;72;Oui;Oui;[0 – 70k€] ;[0 – 300€] 
577776;M;Minivan;1;Private;z_Highly Rural/ Rural;yes;0;dev_integral;27;Non;Non;[0 – 70k€] ;[300€ – 600€] 
578819;F;Van;5;Commercial;Highly Urban/ Urban;no;1;dev_express;12;Oui;Oui;[0 – 70k€] ;[0 – 300€] 
873370;M;Van;5;Commercial;Highly Urban/ Urban;yes;0;dev_premium;23;Non;Non;[70k€ – 140k€] ;[300€ – 600€] 
885643;M;z_SUV;8;Private;z_Highly Rural/ Rural;no;0;dev_express;72;Non;Non;[0 – 70k€] ;[0 – 300€] 
304532;F;Minivan;1;Private;Highly Urban/ Urban;yes;1;dev_premium;70;Non;Non;[0 – 70k€] ;[300€ – 600€] 
77455;F;z_SUV;6;Commercial;Highly Urban/ Urban;no;1;dev_integral;37;Oui;Non;[0 – 70k€] ;[300€ – 600€] 
770301;F;z_SUV;11;Private;Highly Urban/ Urban;no;0;dev_express;6;Non;Non;[70k€ – 140k€] ;[0 – 300€] 
620525;M;Minivan;1;Private;Highly Urban/ Urban;yes;0;dev_express;68;Non;Non;[70k€ – 140k€] ;[0 – 300€] 
355985;M;Van;8;Commercial;z_Highly Rural/ Rural;yes;2;dev_integral;66;Non;Non;[70k€ – 140k€] ;[300€ – 600€] 
667803;M;Minivan;3;Commercial;Highly Urban/ Urban;no;0;dev_express;80;Non;Non;[0 – 70k€] ;[0 – 300€] 
137755;F;Pickup;5;Commercial;Highly Urban/ Urban;yes;0;dev_premium;30;Oui;Non;[0 – 70k€] ;[300€ – 600€] 
831039;M;Minivan;15;Private;Highly Urban/ Urban;no;0;dev_premium;48;Non;Non;[0 – 70k€] ;[300€ – 600€] 
312738;M;Minivan;20;Private;Highly Urban/ Urban;no;0;dev_integral;81;Non;Non;[0 – 70k€] ;[300€ – 600€] 
426465;F;Pickup;8;Commercial;Highly Urban/ Urban;yes;4;dev_premium;7;Non;Non;[0 – 70k€] ;[300€ – 600€] 
24099;F;z_SUV;8;Private;Highly Urban/ Urban;no;1;dev_express;43;Non;Non;[70k€ – 140k€] ;[0 – 300€] 
73491;F;Pickup;1;Private;Highly Urban/ Urban;yes;2;dev_express;52;Non;Non;[0 – 70k€] ;[0 – 300€] 
61379;M;Minivan;12;Private;Highly Urban/ Urban;no;2;dev_express;9;Non;Non;[0 – 70k€] ;[0 – 300€] 
40574;M;Minivan;11;Private;Highly Urban/ Urban;yes;0;dev_express;53;Non;Non;[0 – 70k€] ;[0 – 300€] 
616444;M;Minivan;10;Private;z_Highly Rural/ Rural;no;1;dev_express;36;Non;Non;[70k€ – 140k€] ;[0 – 300€] 
210532;M;z_SUV;12;Private;Highly Urban/ Urban;no;1;dev_integral;52;Oui;Non;[0 – 70k€] ;[0 – 300€] 
902934;F;Minivan;1;Private;z_Highly Rural/ Rural;no;6;dev_express;62;Oui;Non;[0 – 70k€] ;[0 – 300€] 
80809;M;z_SUV;5;Private;z_Highly Rural/ Rural;no;0;dev_integral;62;Oui;Oui;[0 – 70k€] ;[300€ – 600€] 
627682;F;Minivan;9;Commercial;z_Highly Rural/ Rural;yes;0;dev_integral;43;Non;Non;[0 – 70k€] ;[300€ – 600€] 
520340;M;Panel Truck;5;Commercial;Highly Urban/ Urban;no;5;dev_vip;80;Non;Non;[0 – 70k€] ;[600€ – 900€] 
201484;F;Minivan;7;Private;Highly Urban/ Urban;no;3;dev_premium;58;Non;Non;[0 – 70k€] ;[300€ – 600€] 
950158;M;z_SUV;5;Private;Highly Urban/ Urban;no;0;dev_express;67;Oui;Non;[0 – 70k€] ;[0 – 300€] 
92112;F;Pickup;3;Commercial;Highly Urban/ Urban;yes;6;dev_express;7;Non;Non;[0 – 70k€] ;[0 – 300€] 
286437;F;Minivan;1;Commercial;z_Highly Rural/ Rural;no;1;dev_express;72;Non;Non;[70k€ – 140k€] ;[0 – 300€] 
221700;F;Van;0;Private;Highly Urban/ Urban;yes;1;dev_express;22;Oui;Oui;[0 – 70k€] ;[0 – 300€] 
428903;F;Minivan;1;Private;Highly Urban/ Urban;yes;0;dev_express;14;Non;Non;[0 – 70k€] ;[0 – 300€] 
832968;F;Van;21;Commercial;Highly Urban/ Urban;yes;3;dev_integral;52;Non;Non;[0 – 70k€] ;[300€ – 600€] 
907062;M;z_SUV;1;Commercial;Highly Urban/ Urban;no;0;dev_premium;72;Non;Non;[0 – 70k€] ;[300€ – 600€] 
312268;F;Sports Car;10;Private;Highly Urban/ Urban;no;0;dev_express;17;Non;Non;[0 – 70k€] ;[0 – 300€] 
748827;M;Panel Truck;0;Commercial;Highly Urban/ Urban;yes;1;dev_integral;71;Non;Non;[0 – 70k€] ;[0 – 300€] 
740200;F;z_SUV;7;Commercial;Highly Urban/ Urban;no;0;dev_premium;86;Oui;Oui;[0 – 70k€] ;[300€ – 600€] 
95335;F;Van;1;Private;Highly Urban/ Urban;no;0;dev_express;70;Non;Non;[70k€ – 140k€] ;[0 – 300€] 
329526;M;Sports Car;1;Commercial;Highly Urban/ Urban;no;2;dev_integral;82;Oui;Oui;[0 – 70k€] ;[300€ – 600€] 
635358;M;Pickup;17;Private;Highly Urban/ Urban;no;0;dev_premium;8;Non;Non;[70k€ – 140k€] ;[300€ – 600€] 
526044;M;Panel Truck;9;Commercial;Highly Urban/ Urban;no;0;dev_integral;25;Non;Non;[70k€ – 140k€] ;[300€ – 600€] 
871179;F;z_SUV;15;Private;Highly Urban/ Urban;no;0;dev_integral;24;Oui;Non;[70k€ – 140k€] ;[300€ – 600€] 
964259;M;Sports Car;11;Private;Highly Urban/ Urban;no;0;dev_integral;31;Non;Non;[70k€ – 140k€] ;[0 – 300€] 
21955;M;z_SUV;9;Private;z_Highly Rural/ Rural;no;0;dev_express;61;Non;Non;[0 – 70k€] ;[0 – 300€] 
523366;M;z_SUV;5;Private;Highly Urban/ Urban;no;0;dev_express;74;Oui;Non;[0 – 70k€] ;[0 – 300€] 
955271;M;Minivan;1;Private;Highly Urban/ Urban;yes;2;dev_express;55;Oui;Non;[0 – 70k€] ;[0 – 300€] 
451219;M;Minivan;11;Private;Highly Urban/ Urban;yes;2;dev_express;62;Oui;Non;[0 – 70k€] ;[0 – 300€] 
525223;F;Van;11;Commercial;Highly Urban/ Urban;no;8;dev_integral;19;Non;Non;[0 – 70k€] ;[300€ – 600€] 
30094;M;Van;9;Private;Highly Urban/ Urban;no;0;dev_integral;87;Non;Non;[0 – 70k€] ;[0 – 300€] 
770216;M;z_SUV;6;Commercial;Highly Urban/ Urban;no;4;dev_express;4;Oui;Oui;[70k€ – 140k€] ;[0 – 300€] 
665985;F;Pickup;17;Commercial;Highly Urban/ Urban;no;0;dev_express;5;Non;Non;[0 – 70k€] ;[0 – 300€] 
506793;F;Sports Car;9;Commercial;Highly Urban/ Urban;no;3;dev_integral;31;Non;Non;[0 – 70k€] ;[300€ – 600€] 
518361;M;Pickup;3;Commercial;z_Highly Rural/ Rural;no;0;dev_integral;66;Oui;Non;[0 – 70k€] ;[300€ – 600€] 
993175;M;Minivan;7;Private;Highly Urban/ Urban;yes;4;dev_integral;69;Oui;Non;[0 – 70k€] ;[300€ – 600€] 
751685;M;z_SUV;14;Private;Highly Urban/ Urban;no;4;dev_integral;40;Non;Non;[70k€ – 140k€] ;[0 – 300€] 
200525;F;Minivan;0;Private;Highly Urban/ Urban;no;0;dev_premium;62;Oui;Non;[0 – 70k€] ;[300€ – 600€] 
252872;F;Van;10;Commercial;Highly Urban/ Urban;no;3;dev_integral;42;Non;Non;[70k€ – 140k€] ;[300€ – 600€] 
495708;M;Minivan;1;Private;Highly Urban/ Urban;yes;1;dev_integral;17;Non;Non;[0 – 70k€] ;[0 – 300€] 
649653;M;Sports Car;1;Commercial;Highly Urban/ Urban;no;0;dev_integral;17;Non;Non;[0 – 70k€] ;[0 – 300€] 
629782;F;z_SUV;1;Private;z_Highly Rural/ Rural;no;6;dev_express;11;Oui;Non;[0 – 70k€] ;[0 – 300€] 
876837;M;Minivan;6;Commercial;Highly Urban/ Urban;yes;0;dev_integral;58;Oui;Oui;[70k€ – 140k€] ;[300€ – 600€] 
194430;F;Panel Truck;1;Commercial;Highly Urban/ Urban;yes;4;dev_express;66;Non;Non;[0 – 70k€] ;[0 – 300€] 
758543;M;z_SUV;1;Private;Highly Urban/ Urban;no;0;dev_premium;22;Non;Non;[0 – 70k€] ;[300€ – 600€] 
483568;F;z_SUV;14;Private;Highly Urban/ Urban;no;3;dev_integral;62;Oui;Non;[70k€ – 140k€] ;[0 – 300€] 
395034;M;Van;9;Private;Highly Urban/ Urban;yes;2;dev_premium;19;Non;Non;[70k€ – 140k€] ;[300€ – 600€] 
349297;M;z_SUV;1;Private;z_Highly Rural/ Rural;no;0;dev_integral;66;Oui;Non;[0 – 70k€] ;[300€ – 600€] 
235444;M;Van;10;Private;Highly Urban/ Urban;no;3;dev_integral;59;Oui;Oui;[0 – 70k€] ;[300€ – 600€] 
921555;M;Minivan;9;Commercial;z_Highly Rural/ Rural;no;3;dev_express;68;Oui;Non;[70k€ – 140k€] ;[0 – 300€] 
536465;M;Minivan;1;Private;z_Highly Rural/ Rural;yes;0;dev_integral;55;Non;Non;[0 – 70k€] ;[300€ – 600€] 
563344;M;Minivan;8;Commercial;Highly Urban/ Urban;yes;0;dev_express;66;Non;Non;[0 – 70k€] ;[0 – 300€] 
609099;M;z_SUV;12;Commercial;z_Highly Rural/ Rural;no;0;dev_integral;68;Oui;Non;[0 – 70k€] ;[300€ – 600€] 
515289;M;Minivan;14;Private;Highly Urban/ Urban;no;1;dev_express;69;Oui;Non;[70k€ – 140k€] ;[0 – 300€] 
102840;F;z_SUV;5;Private;Highly Urban/ Urban;no;5;dev_express;75;Non;Non;[70k€ – 140k€] ;[0 – 300€] 
938585;M;z_SUV;8;Commercial;Highly Urban/ Urban;no;0;dev_integral;30;Non;Non;[70k€ – 140k€] ;[300€ – 600€] 
284414;M;Pickup;9;Commercial;Highly Urban/ Urban;no;3;dev_integral;5;Oui;Oui;[0 – 70k€] ;[300€ – 600€] 
457045;M;z_SUV;3;Private;Highly Urban/ Urban;no;4;dev_express;75;Non;Non;[0 – 70k€] ;[0 – 300€] 
377246;F;Minivan;20;Private;Highly Urban/ Urban;yes;0;dev_express;30;Non;Non;[0 – 70k€] ;[0 – 300€] 
250358;M;Panel Truck;9;Commercial;Highly Urban/ Urban;yes;1;dev_integral;58;Non;Non;[> 210k€] ;[0 – 300€] 
82826;M;Pickup;6;Private;Highly Urban/ Urban;no;2;dev_integral;40;Non;Non;[0 – 70k€] ;[300€ – 600€] 
480734;F;Pickup;1;Commercial;Highly Urban/ Urban;no;7;dev_express;54;Oui;Non;[0 – 70k€] ;[0 – 300€] 
748075;M;Sports Car;8;Private;Highly Urban/ Urban;no;1;dev_premium;61;Non;Non;[0 – 70k€] ;[300€ – 600€] 
316457;F;Sports Car;10;Private;Highly Urban/ Urban;yes;1;dev_integral;30;Non;Non;[0 – 70k€] ;[300€ – 600€] 
286157;M;Minivan;16;Private;Highly Urban/ Urban;no;2;dev_integral;18;Oui;Non;[70k€ – 140k€] ;[0 – 300€] 
417398;F;z_SUV;11;Private;Highly Urban/ Urban;no;2;dev_integral;43;Non;Non;[70k€ – 140k€] ;[300€ – 600€] 
702748;F;z_SUV;17;Private;Highly Urban/ Urban;yes;0;dev_integral;56;Non;Non;[70k€ – 140k€] ;[300€ – 600€] 
678202;M;Pickup;1;Commercial;Highly Urban/ Urban;yes;2;dev_express;8;Oui;Oui;[0 – 70k€] ;[0 – 300€] 
664983;F;Minivan;8;Private;Highly Urban/ Urban;yes;0;dev_premium;49;Non;Non;[0 – 70k€] ;[300€ – 600€] 
711945;M;Pickup;10;Commercial;Highly Urban/ Urban;yes;0;dev_integral;10;Oui;Non;[70k€ – 140k€] ;[300€ – 600€] 
291292;M;z_SUV;15;Private;Highly Urban/ Urban;no;2;dev_express;93;Non;Non;[70k€ – 140k€] ;[0 – 300€] 
487456;F;Pickup;10;Private;Highly Urban/ Urban;no;2;dev_integral;29;Non;Non;[70k€ – 140k€] ;[300€ – 600€] 
779261;M;Sports Car;1;Private;Highly Urban/ Urban;no;0;dev_integral;73;Oui;Oui;[0 – 70k€] ;[300€ – 600€] 
573068;F;Pickup;7;Commercial;z_Highly Rural/ Rural;no;1;dev_integral;61;Oui;Non;[0 – 70k€] ;[300€ – 600€] 
656823;M;Minivan;14;Private;Highly Urban/ Urban;yes;2;dev_integral;51;Non;Non;[70k€ – 140k€] ;[300€ – 600€] 
67583;M;z_SUV;5;Private;Highly Urban/ Urban;no;4;dev_integral;16;Non;Non;[70k€ – 140k€] ;[300€ – 600€] 
774848;M;Minivan;1;Commercial;Highly Urban/ Urban;yes;1;dev_integral;37;Non;Non;[0 – 70k€] ;[300€ – 600€] 
157546;F;Minivan;9;Private;Highly Urban/ Urban;yes;0;dev_integral;53;Non;Non;[0 – 70k€] ;[0 – 300€] 
18399;M;Pickup;16;Commercial;Highly Urban/ Urban;no;3;dev_express;72;Non;Non;[0 – 70k€] ;[0 – 300€] 
545747;M;Van;9;Commercial;Highly Urban/ Urban;yes;2;dev_integral;29;Non;Non;[0 – 70k€] ;[0 – 300€] 
367410;M;z_SUV;16;Private;Highly Urban/ Urban;no;2;dev_integral;71;Non;Non;[0 – 70k€] ;[300€ – 600€] 
875269;M;Pickup;19;Commercial;Highly Urban/ Urban;no;0;dev_integral;62;Non;Non;[0 – 70k€] ;[0 – 300€] 
209926;M;Pickup;4;Commercial;Highly Urban/ Urban;no;4;dev_integral;67;Non;Non;[0 – 70k€] ;[300€ – 600€] 
158809;F;Panel Truck;17;Commercial;Highly Urban/ Urban;no;0;dev_integral;31;Non;Non;[70k€ – 140k€] ;[300€ – 600€] 
956064;M;Panel Truck;12;Commercial;Highly Urban/ Urban;no;0;dev_express;66;Oui;Non;[0 – 70k€] ;[0 – 300€] 
496507;F;z_SUV;1;Commercial;z_Highly Rural/ Rural;no;1;dev_integral;43;Oui;Non;[70k€ – 140k€] ;[0 – 300€] 
447474;M;Minivan;16;Private;z_Highly Rural/ Rural;no;1;dev_premium;65;Non;Non;[70k€ – 140k€] ;[300€ – 600€] 
705458;F;z_SUV;22;Private;Highly Urban/ Urban;no;3;dev_integral;8;Oui;Oui;[70k€ – 140k€] ;[0 – 300€] 
66370;M;Minivan;12;Private;Highly Urban/ Urban;yes;2;dev_integral;47;Non;Non;[140k€ – 210k€] ;[0 – 300€] 
799938;M;Minivan;15;Private;Highly Urban/ Urban;no;1;dev_premium;52;Non;Non;[140k€ – 210k€] ;[300€ – 600€] 
891532;M;Pickup;11;Commercial;Highly Urban/ Urban;no;1;dev_integral;65;Non;Non;[0 – 70k€] ;[300€ – 600€] 
9323;F;Minivan;1;Commercial;z_Highly Rural/ Rural;no;0;dev_premium;63;Non;Non;[0 – 70k€] ;[300€ – 600€] 
573066;M;Pickup;15;Private;Highly Urban/ Urban;yes;3;dev_integral;63;Non;Non;[70k€ – 140k€] ;[0 – 300€] 
374226;M;Panel Truck;16;Commercial;Highly Urban/ Urban;yes;0;dev_express;80;Non;Non;[0 – 70k€] ;[0 – 300€] 
963735;F;Minivan;1;Private;Highly Urban/ Urban;yes;1;dev_integral;83;Non;Non;[0 – 70k€] ;[300€ – 600€] 
548466;F;z_SUV;1;Private;Highly Urban/ Urban;no;4;dev_integral;84;Oui;Non;[0 – 70k€] ;[300€ – 600€] 
788159;M;Pickup;17;Commercial;Highly Urban/ Urban;no;1;dev_integral;66;Non;Non;[0 – 70k€] ;[0 – 300€] 
347556;M;Van;13;Commercial;Highly Urban/ Urban;yes;0;dev_integral;87;Oui;Non;[0 – 70k€] ;[300€ – 600€] 
353426;M;z_SUV;7;Commercial;Highly Urban/ Urban;no;1;dev_express;57;Non;Non;[0 – 70k€] ;[0 – 300€] 
299034;F;z_SUV;10;Private;Highly Urban/ Urban;no;0;dev_premium;71;Oui;Oui;[0 – 70k€] ;[300€ – 600€] 
203028;M;Sports Car;1;Commercial;Highly Urban/ Urban;no;0;dev_express;71;Non;Non;[70k€ – 140k€] ;[0 – 300€] 
587335;M;Minivan;12;Private;Highly Urban/ Urban;yes;0;dev_express;59;Non;Non;[0 – 70k€] ;[0 – 300€] 
641473;F;z_SUV;9;Private;Highly Urban/ Urban;no;0;dev_integral;38;Non;Non;[0 – 70k€] ;[300€ – 600€] 
258745;F;Minivan;10;Private;Highly Urban/ Urban;no;0;dev_integral;62;Oui;Non;[70k€ – 140k€] ;[0 – 300€] 
426864;M;Pickup;13;Private;Highly Urban/ Urban;no;0;dev_integral;86;Non;Non;[70k€ – 140k€] ;[300€ – 600€] 
458544;F;Minivan;9;Private;z_Highly Rural/ Rural;yes;0;dev_express;89;Non;Non;[0 – 70k€] ;[0 – 300€] 
482734;F;Minivan;1;Private;Highly Urban/ Urban;yes;0;dev_integral;62;Oui;Non;[0 – 70k€] ;[300€ – 600€] 
46266;M;Sports Car;8;Commercial;Highly Urban/ Urban;no;7;dev_integral;64;Oui;Non;[0 – 70k€] ;[0 – 300€] 
730660;F;Van;1;Private;Highly Urban/ Urban;no;4;dev_express;28;Non;Non;[0 – 70k€] ;[0 – 300€] 
398519;F;Pickup;1;Private;Highly Urban/ Urban;no;1;dev_integral;13;Non;Non;[0 – 70k€] ;[300€ – 600€] 
361733;M;z_SUV;10;Commercial;Highly Urban/ Urban;no;0;dev_premium;6;Oui;Non;[0 – 70k€] ;[300€ – 600€] 
773383;F;z_SUV;16;Private;Highly Urban/ Urban;no;0;dev_integral;67;Non;Non;[0 – 70k€] ;[300€ – 600€] 
684725;M;Panel Truck;11;Commercial;Highly Urban/ Urban;yes;6;dev_express;56;Non;Non;[0 – 70k€] ;[0 – 300€] 
531392;M;z_SUV;18;Private;Highly Urban/ Urban;no;2;dev_express;75;Oui;Non;[140k€ – 210k€] ;[0 – 300€] 
230848;M;z_SUV;5;Commercial;z_Highly Rural/ Rural;no;2;dev_integral;66;Oui;Non;[0 – 70k€] ;[300€ – 600€] 
56555;M;Panel Truck;1;Commercial;Highly Urban/ Urban;yes;0;dev_integral;52;Non;Non;[0 – 70k€] ;[300€ – 600€] 
713493;F;Panel Truck;15;Commercial;Highly Urban/ Urban;yes;0;dev_express;47;Non;Non;[70k€ – 140k€] ;[0 – 300€] 
446999;F;Minivan;3;Private;Highly Urban/ Urban;no;1;dev_integral;82;Oui;Non;[0 – 70k€] ;[300€ – 600€] 
70769;M;Pickup;7;Private;Highly Urban/ Urban;yes;0;dev_integral;62;Oui;Non;[0 – 70k€] ;[300€ – 600€] 
748512;M;z_SUV;5;Private;z_Highly Rural/ Rural;no;4;dev_express;75;Oui;Non;[70k€ – 140k€] ;[0 – 300€] 
587540;F;Minivan;22;Private;Highly Urban/ Urban;yes;0;dev_integral;61;Non;Non;[0 – 70k€] ;[300€ – 600€] 
580739;M;Pickup;21;Commercial;Highly Urban/ Urban;no;1;dev_premium;31;Non;Non;[70k€ – 140k€] ;[300€ – 600€] 
112504;M;Van;14;Commercial;Highly Urban/ Urban;yes;0;dev_premium;14;Oui;Oui;[70k€ – 140k€] ;[300€ – 600€] 
323009;F;Pickup;1;Private;Highly Urban/ Urban;no;5;dev_integral;60;Oui;Oui;[0 – 70k€] ;[0 – 300€] 
827847;M;Minivan;10;Commercial;Highly Urban/ Urban;yes;6;dev_integral;78;Oui;Non;[0 – 70k€] ;[300€ – 600€] 
192519;F;Van;11;Private;Highly Urban/ Urban;no;4;dev_express;68;Non;Non;[70k€ – 140k€] ;[0 – 300€] 
174424;F;z_SUV;1;Private;Highly Urban/ Urban;no;3;dev_express;75;Oui;Non;[0 – 70k€] ;[0 – 300€] 
656385;F;z_SUV;7;Commercial;Highly Urban/ Urban;no;1;dev_express;24;Oui;Non;[0 – 70k€] ;[0 – 300€] 
434057;M;Minivan;15;Private;Highly Urban/ Urban;no;8;dev_integral;70;Oui;Non;[140k€ – 210k€] ;[300€ – 600€] 
886381;M;z_SUV;1;Commercial;Highly Urban/ Urban;no;9;dev_integral;78;Oui;Non;[0 – 70k€] ;[300€ – 600€] 
511023;M;z_SUV;17;Private;Highly Urban/ Urban;no;0;dev_express;68;Non;Non;[70k€ – 140k€] ;[0 – 300€] 
892815;F;Van;8;Commercial;Highly Urban/ Urban;no;4;dev_premium;62;Non;Non;[140k€ – 210k€] ;[300€ – 600€] 
213091;F;Minivan;15;Private;Highly Urban/ Urban;no;3;dev_express;3;Non;Non;[0 – 70k€] ;[0 – 300€] 
960245;F;Minivan;1;Private;Highly Urban/ Urban;no;0;dev_integral;59;Non;Non;[70k€ – 140k€] ;[300€ – 600€] 
714020;M;Van;10;Commercial;Highly Urban/ Urban;yes;0;dev_express;62;Non;Non;[0 – 70k€] ;[0 – 300€] 
104104;F;Minivan;1;Private;Highly Urban/ Urban;yes;1;dev_integral;24;Non;Non;[0 – 70k€] ;[0 – 300€] 
141146;M;z_SUV;7;Private;Highly Urban/ Urban;no;2;dev_integral;80;Oui;Oui;[0 – 70k€] ;[0 – 300€] 
808521;F;Pickup;0;Commercial;z_Highly Rural/ Rural;no;3;dev_express;42;Non;Non;[0 – 70k€] ;[0 – 300€] 
875496;F;z_SUV;1;Private;z_Highly Rural/ Rural;no;0;dev_integral;16;Non;Non;[0 – 70k€] ;[300€ – 600€] 
747358;M;z_SUV;7;Private;Highly Urban/ Urban;no;3;dev_express;43;Non;Non;[0 – 70k€] ;[0 – 300€] 
820971;M;z_SUV;1;Private;Highly Urban/ Urban;no;4;dev_premium;18;Non;Non;[0 – 70k€] ;[300€ – 600€] 
726830;F;Van;17;Commercial;Highly Urban/ Urban;yes;4;dev_express;64;Non;Non;[70k€ – 140k€] ;[0 – 300€] 
400970;M;z_SUV;18;Private;Highly Urban/ Urban;no;7;dev_integral;69;Non;Non;[70k€ – 140k€] ;[0 – 300€] 
538658;M;Pickup;9;Private;Highly Urban/ Urban;no;0;dev_premium;18;Non;Non;[140k€ – 210k€] ;[300€ – 600€] 
31212;F;Van;1;Commercial;Highly Urban/ Urban;yes;4;dev_premium;64;Non;Non;[0 – 70k€] ;[300€ – 600€] 
668375;F;z_SUV;1;Private;Highly Urban/ Urban;no;0;dev_vip;47;Oui;Oui;[0 – 70k€] ;[> 900€] 
377356;F;Panel Truck;10;Commercial;Highly Urban/ Urban;yes;0;dev_express;13;Non;Non;[70k€ – 140k€] ;[0 – 300€] 
68737;M;Minivan;4;Private;z_Highly Rural/ Rural;no;4;dev_integral;24;Non;Non;[0 – 70k€] ;[300€ – 600€] 
982007;F;Panel Truck;6;Commercial;Highly Urban/ Urban;yes;4;dev_integral;89;Oui;Non;[0 – 70k€] ;[0 – 300€] 
310168;F;Pickup;7;Commercial;z_Highly Rural/ Rural;no;0;dev_integral;27;Oui;Oui;[70k€ – 140k€] ;[0 – 300€] 
633530;F;Panel Truck;12;Commercial;Highly Urban/ Urban;yes;1;dev_integral;44;Non;Non;[140k€ – 210k€] ;[300€ – 600€] 
675631;M;Van;6;Private;Highly Urban/ Urban;no;0;dev_express;56;Non;Non;[0 – 70k€] ;[0 – 300€] 
86114;F;z_SUV;13;Private;Highly Urban/ Urban;no;0;dev_premium;83;Oui;Non;[70k€ – 140k€] ;[300€ – 600€] 
838075;M;Pickup;10;Commercial;Highly Urban/ Urban;no;2;dev_premium;61;Non;Non;[0 – 70k€] ;[300€ – 600€] 
644864;F;z_SUV;13;Private;Highly Urban/ Urban;no;6;dev_premium;34;Non;Non;[0 – 70k€] ;[300€ – 600€] 
322940;F;Minivan;17;Private;Highly Urban/ Urban;no;0;dev_integral;40;Non;Non;[> 210k€] ;[300€ – 600€] 
202177;F;Pickup;9;Commercial;Highly Urban/ Urban;no;0;dev_premium;70;Non;Non;[140k€ – 210k€] ;[300€ – 600€] 
778535;F;z_SUV;9;Commercial;Highly Urban/ Urban;no;4;dev_vip;16;Non;Non;[0 – 70k€] ;[600€ – 900€] 
990249;M;Sports Car;12;Private;Highly Urban/ Urban;no;3;dev_express;92;Non;Non;[0 – 70k€] ;[0 – 300€] 
447791;F;Sports Car;6;Private;Highly Urban/ Urban;no;0;dev_integral;78;Oui;Non;[0 – 70k€] ;[0 – 300€] 
838463;F;z_SUV;0;Private;Highly Urban/ Urban;no;4;dev_premium;89;Non;Non;[0 – 70k€] ;[300€ – 600€] 
710732;M;Panel Truck;8;Commercial;Highly Urban/ Urban;yes;2;dev_integral;90;Oui;Non;[0 – 70k€] ;[300€ – 600€] 
950581;M;z_SUV;6;Private;z_Highly Rural/ Rural;no;4;dev_premium;42;Oui;Oui;[70k€ – 140k€] ;[300€ – 600€] 
221942;F;Panel Truck;12;Commercial;Highly Urban/ Urban;no;5;dev_express;43;Non;Non;[140k€ – 210k€] ;[0 – 300€] 
899923;M;Van;13;Commercial;Highly Urban/ Urban;no;4;dev_integral;60;Non;Non;[70k€ – 140k€] ;[300€ – 600€] 
82744;F;z_SUV;1;Private;Highly Urban/ Urban;no;0;dev_integral;64;Non;Non;[0 – 70k€] ;[300€ – 600€] 
346257;F;Minivan;15;Private;z_Highly Rural/ Rural;no;5;dev_integral;64;Non;Non;[0 – 70k€] ;[300€ – 600€] 
19500;M;z_SUV;5;Private;Highly Urban/ Urban;no;0;dev_express;12;Oui;Oui;[0 – 70k€] ;[0 – 300€] 
763176;M;Pickup;1;Private;Highly Urban/ Urban;no;2;dev_express;45;Non;Non;[0 – 70k€] ;[0 – 300€] 
488860;F;Minivan;16;Private;Highly Urban/ Urban;yes;1;dev_premium;9;Non;Non;[140k€ – 210k€] ;[300€ – 600€] 
56527;M;Pickup;9;Private;Highly Urban/ Urban;yes;3;dev_integral;82;Oui;Non;[70k€ – 140k€] ;[300€ – 600€] 
771522;M;z_SUV;8;Private;Highly Urban/ Urban;no;0;dev_express;53;Non;Non;[0 – 70k€] ;[0 – 300€] 
462094;F;z_SUV;0;Private;Highly Urban/ Urban;no;3;dev_premium;57;Non;Non;[70k€ – 140k€] ;[300€ – 600€] 
742140;M;Van;7;Commercial;Highly Urban/ Urban;no;0;dev_integral;50;Non;Non;[0 – 70k€] ;[300€ – 600€] 
977915;M;Pickup;7;Commercial;Highly Urban/ Urban;no;4;dev_integral;84;Non;Non;[0 – 70k€] ;[300€ – 600€] 
851179;F;Minivan;10;Private;Highly Urban/ Urban;no;0;dev_integral;92;Oui;Non;[0 – 70k€] ;[300€ – 600€] 
85199;M;z_SUV;7;Commercial;Highly Urban/ Urban;no;0;dev_integral;65;Non;Non;[0 – 70k€] ;[0 – 300€] 
683004;M;z_SUV;13;Commercial;Highly Urban/ Urban;yes;0;dev_integral;68;Non;Non;[70k€ – 140k€] ;[300€ – 600€] 
327916;F;z_SUV;12;Commercial;Highly Urban/ Urban;no;0;dev_express;12;Non;Non;[0 – 70k€] ;[0 – 300€] 
162066;M;Pickup;9;Commercial;Highly Urban/ Urban;yes;6;dev_premium;90;Non;Non;[0 – 70k€] ;[300€ – 600€] 
386337;F;Minivan;7;Private;Highly Urban/ Urban;no;1;dev_integral;55;Non;Non;[70k€ – 140k€] ;[300€ – 600€] 
152726;M;Minivan;22;Private;Highly Urban/ Urban;no;7;dev_integral;62;Non;Non;[70k€ – 140k€] ;[300€ – 600€] 
463392;M;Van;1;Private;Highly Urban/ Urban;yes;3;dev_integral;55;Non;Non;[0 – 70k€] ;[300€ – 600€] 
527495;F;Sports Car;0;Private;Highly Urban/ Urban;no;0;dev_integral;83;Oui;Non;[0 – 70k€] ;[300€ – 600€] 
292225;M;Pickup;1;Commercial;Highly Urban/ Urban;yes;0;dev_express;89;Non;Non;[0 – 70k€] ;[0 – 300€] 
927834;M;Sports Car;1;Private;z_Highly Rural/ Rural;no;2;dev_express;55;Oui;Oui;[0 – 70k€] ;[0 – 300€] 
788559;M;Pickup;9;Private;Highly Urban/ Urban;yes;0;dev_integral;49;Non;Non;[70k€ – 140k€] ;[300€ – 600€] 
346685;M;Minivan;10;Commercial;Highly Urban/ Urban;no;0;dev_express;56;Non;Non;[0 – 70k€] ;[0 – 300€] 
588789;F;Minivan;9;Private;Highly Urban/ Urban;yes;2;dev_express;54;Non;Non;[70k€ – 140k€] ;[0 – 300€] 
816978;F;Minivan;11;Private;z_Highly Rural/ Rural;no;0;dev_express;43;Non;Non;[140k€ – 210k€] ;[0 – 300€] 
273434;F;z_SUV;1;Commercial;Highly Urban/ Urban;no;1;dev_express;68;Non;Non;[0 – 70k€] ;[0 – 300€] 
294513;F;Pickup;15;Commercial;Highly Urban/ Urban;no;0;dev_express;78;Non;Non;[0 – 70k€] ;[0 – 300€] 
462101;M;Pickup;7;Commercial;Highly Urban/ Urban;no;4;dev_premium;64;Non;Non;[0 – 70k€] ;[300€ – 600€] 
883393;F;Minivan;1;Private;z_Highly Rural/ Rural;yes;0;dev_integral;75;Non;Non;[0 – 70k€] ;[0 – 300€] 
656939;M;Pickup;8;Private;z_Highly Rural/ Rural;no;0;dev_express;68;Oui;Non;[0 – 70k€] ;[0 – 300€] 
970203;M;Pickup;9;Private;Highly Urban/ Urban;no;1;dev_express;80;Non;Non;[70k€ – 140k€] ;[0 – 300€] 
262076;F;z_SUV;7;Private;z_Highly Rural/ Rural;no;2;dev_express;38;Non;Non;[0 – 70k€] ;[0 – 300€] 
792458;M;Minivan;14;Private;Highly Urban/ Urban;no;2;dev_express;57;Non;Non;[0 – 70k€] ;[0 – 300€] 
286503;M;z_SUV;1;Commercial;Highly Urban/ Urban;yes;0;dev_express;27;Non;Non;[0 – 70k€] ;[0 – 300€] 
46757;F;Panel Truck;15;Commercial;Highly Urban/ Urban;no;1;dev_express;83;Non;Non;[0 – 70k€] ;[0 – 300€] 
154747;F;Minivan;20;Private;Highly Urban/ Urban;no;1;dev_express;65;Non;Non;[70k€ – 140k€] ;[0 – 300€] 
158428;F;Panel Truck;13;Commercial;Highly Urban/ Urban;no;0;dev_premium;3;Oui;Non;[70k€ – 140k€] ;[300€ – 600€] 
34538;M;Sports Car;9;Private;z_Highly Rural/ Rural;no;4;dev_integral;82;Oui;Non;[0 – 70k€] ;[300€ – 600€] 
329634;F;Minivan;19;Private;Highly Urban/ Urban;yes;0;dev_integral;61;Non;Non;[70k€ – 140k€] ;[300€ – 600€] 
433022;M;Sports Car;13;Private;Highly Urban/ Urban;no;0;dev_premium;74;Oui;Non;[0 – 70k€] ;[300€ – 600€] 
885868;M;Sports Car;1;Commercial;Highly Urban/ Urban;no;4;dev_integral;43;Non;Non;[0 – 70k€] ;[0 – 300€] 
973153;F;Sports Car;0;Private;Highly Urban/ Urban;yes;10;dev_express;53;Oui;Non;[0 – 70k€] ;[0 – 300€] 
123482;F;z_SUV;1;Private;z_Highly Rural/ Rural;no;0;dev_express;33;Non;Non;[70k€ – 140k€] ;[0 – 300€] 
340102;F;Minivan;10;Commercial;Highly Urban/ Urban;yes;0;dev_integral;13;Oui;Oui;[0 – 70k€] ;[0 – 300€] 
953647;M;z_SUV;1;Private;Highly Urban/ Urban;no;4;dev_express;35;Non;Non;[70k€ – 140k€] ;[0 – 300€] 
931183;F;Minivan;1;Private;z_Highly Rural/ Rural;no;0;dev_vip;53;Non;Non;[0 – 70k€] ;[600€ – 900€] 
764833;M;Minivan;11;Private;Highly Urban/ Urban;yes;2;dev_express;42;Non;Non;[70k€ – 140k€] ;[0 – 300€] 
663404;F;Pickup;6;Private;Highly Urban/ Urban;no;0;dev_integral;55;Oui;Non;[0 – 70k€] ;[300€ – 600€] 
812396;M;z_SUV;8;Commercial;z_Highly Rural/ Rural;no;0;dev_express;26;Oui;Oui;[0 – 70k€] ;[0 – 300€] 
173557;F;Van;0;Commercial;Highly Urban/ Urban;yes;2;dev_integral;27;Non;Non;[70k€ – 140k€] ;[300€ – 600€] 
782788;F;Pickup;11;Private;Highly Urban/ Urban;yes;0;dev_express;31;Oui;Oui;[0 – 70k€] ;[0 – 300€] 
125138;M;Pickup;1;Commercial;Highly Urban/ Urban;no;2;dev_express;74;Oui;Non;[0 – 70k€] ;[0 – 300€] 
607572;F;Pickup;1;Commercial;Highly Urban/ Urban;yes;0;dev_premium;16;Oui;Non;[0 – 70k€] ;[300€ – 600€] 
675279;F;z_SUV;8;Commercial;z_Highly Rural/ Rural;no;0;dev_integral;54;Non;Non;[0 – 70k€] ;[300€ – 600€] 
99058;F;Sports Car;17;Private;Highly Urban/ Urban;no;1;dev_express;26;Non;Non;[70k€ – 140k€] ;[0 – 300€] 
288976;M;z_SUV;8;Commercial;Highly Urban/ Urban;no;3;dev_express;70;Oui;Non;[0 – 70k€] ;[0 – 300€] 
738952;F;Pickup;1;Commercial;z_Highly Rural/ Rural;yes;2;dev_integral;83;Non;Non;[0 – 70k€] ;[0 – 300€] 
561328;F;Sports Car;6;Commercial;Highly Urban/ Urban;no;1;dev_integral;46;Non;Non;[70k€ – 140k€] ;[300€ – 600€] 
818774;M;Minivan;9;Private;Highly Urban/ Urban;no;0;dev_integral;54;Oui;Non;[0 – 70k€] ;[300€ – 600€] 
861768;F;Sports Car;14;Private;Highly Urban/ Urban;no;4;dev_integral;78;Oui;Oui;[0 – 70k€] ;[300€ – 600€] 
707053;M;z_SUV;11;Commercial;Highly Urban/ Urban;no;0;dev_express;70;Non;Non;[0 – 70k€] ;[0 – 300€] 
468449;M;z_SUV;6;Private;Highly Urban/ Urban;no;0;dev_integral;84;Oui;Oui;[70k€ – 140k€] ;[0 – 300€] 
72749;F;Minivan;0;Private;Highly Urban/ Urban;yes;0;dev_express;62;Oui;Oui;[0 – 70k€] ;[0 – 300€] 
990817;F;Panel Truck;7;Commercial;Highly Urban/ Urban;yes;0;dev_premium;74;Oui;Non;[140k€ – 210k€] ;[300€ – 600€] 
770810;F;Minivan;6;Private;Highly Urban/ Urban;yes;0;dev_express;24;Oui;Oui;[0 – 70k€] ;[0 – 300€] 
707407;M;z_SUV;1;Private;Highly Urban/ Urban;no;1;dev_premium;6;Oui;Non;[0 – 70k€] ;[300€ – 600€] 
843101;F;z_SUV;7;Commercial;z_Highly Rural/ Rural;no;0;dev_express;53;Non;Non;[0 – 70k€] ;[0 – 300€] 
427142;F;Sports Car;4;Private;Highly Urban/ Urban;no;6;dev_integral;57;Oui;Non;[0 – 70k€] ;[300€ – 600€] 
436421;M;z_SUV;10;Commercial;Highly Urban/ Urban;no;4;dev_integral;14;Oui;Non;[0 – 70k€] ;[300€ – 600€] 
477243;M;Minivan;7;Commercial;Highly Urban/ Urban;yes;11;dev_express;78;Non;Non;[70k€ – 140k€] ;[0 – 300€] 
542140;M;Van;12;Commercial;Highly Urban/ Urban;no;1;dev_premium;48;Non;Non;[0 – 70k€] ;[300€ – 600€] 
74375;M;Panel Truck;1;Commercial;z_Highly Rural/ Rural;no;0;dev_express;52;Non;Non;[0 – 70k€] ;[0 – 300€] 
69838;M;Pickup;10;Commercial;z_Highly Rural/ Rural;yes;2;dev_integral;10;Non;Non;[0 – 70k€] ;[0 – 300€] 
489485;F;Panel Truck;6;Commercial;Highly Urban/ Urban;yes;0;dev_integral;50;Non;Non;[70k€ – 140k€] ;[0 – 300€] 
240212;F;Minivan;0;Private;Highly Urban/ Urban;no;0;dev_integral;74;Non;Non;[140k€ – 210k€] ;[300€ – 600€] 
819890;M;Minivan;1;Commercial;Highly Urban/ Urban;no;4;dev_express;57;Oui;Oui;[70k€ – 140k€] ;[0 – 300€] 
62984;M;Minivan;10;Commercial;Highly Urban/ Urban;no;4;dev_premium;80;Non;Non;[0 – 70k€] ;[300€ – 600€] 
492090;F;Minivan;0;Private;Highly Urban/ Urban;no;0;dev_integral;75;Non;Non;[0 – 70k€] ;[0 – 300€] 
609346;M;Minivan;0;Private;Highly Urban/ Urban;yes;0;dev_integral;27;Oui;Non;[0 – 70k€] ;[0 – 300€] 
596824;M;Van;12;Private;Highly Urban/ Urban;yes;1;dev_premium;67;Non;Non;[0 – 70k€] ;[300€ – 600€] 
470418;M;z_SUV;1;Commercial;Highly Urban/ Urban;no;1;dev_integral;47;Non;Non;[70k€ – 140k€] ;[300€ – 600€] 
611851;F;Panel Truck;1;Commercial;Highly Urban/ Urban;yes;3;dev_premium;16;Oui;Oui;[70k€ – 140k€] ;[300€ – 600€] 
242136;M;z_SUV;8;Private;Highly Urban/ Urban;no;0;dev_express;57;Oui;Non;[0 – 70k€] ;[0 – 300€] 
443805;F;Pickup;0;Commercial;Highly Urban/ Urban;no;0;dev_express;65;Non;Non;[140k€ – 210k€] ;[0 – 300€] 
488382;F;Sports Car;8;Private;Highly Urban/ Urban;no;4;dev_express;90;Non;Non;[0 – 70k€] ;[0 – 300€] 
250376;F;z_SUV;16;Private;Highly Urban/ Urban;no;6;dev_integral;6;Non;Non;[70k€ – 140k€] ;[300€ – 600€] 
921861;F;Minivan;8;Private;Highly Urban/ Urban;yes;1;dev_express;17;Oui;Non;[0 – 70k€] ;[0 – 300€] 
178584;M;Minivan;10;Private;Highly Urban/ Urban;no;0;dev_premium;34;Non;Non;[0 – 70k€] ;[300€ – 600€] 
730314;F;Panel Truck;13;Commercial;Highly Urban/ Urban;no;3;dev_integral;68;Non;Non;[140k€ – 210k€] ;[300€ – 600€] 
220905;M;Minivan;19;Private;Highly Urban/ Urban;yes;0;dev_integral;52;Non;Non;[70k€ – 140k€] ;[0 – 300€] 
648715;M;z_SUV;11;Private;Highly Urban/ Urban;no;1;dev_premium;72;Oui;Oui;[70k€ – 140k€] ;[300€ – 600€] 
814290;F;z_SUV;19;Private;Highly Urban/ Urban;no;2;dev_express;85;Oui;Oui;[0 – 70k€] ;[0 – 300€] 
505660;M;Sports Car;5;Private;z_Highly Rural/ Rural;no;2;dev_integral;36;Non;Non;[0 – 70k€] ;[300€ – 600€] 
510474;M;Minivan;19;Private;Highly Urban/ Urban;no;2;dev_integral;78;Non;Non;[> 210k€] ;[300€ – 600€] 
839409;M;z_SUV;8;Private;Highly Urban/ Urban;no;2;dev_express;4;Oui;Non;[0 – 70k€] ;[0 – 300€] 
211584;M;z_SUV;11;Private;z_Highly Rural/ Rural;no;4;dev_vip;40;Oui;Oui;[0 – 70k€] ;[300€ – 600€] 
727562;F;z_SUV;12;Private;Highly Urban/ Urban;no;0;dev_integral;61;Non;Non;[0 – 70k€] ;[300€ – 600€] 
29875;M;Pickup;7;Commercial;Highly Urban/ Urban;yes;0;dev_premium;70;Oui;Oui;[0 – 70k€] ;[300€ – 600€] 
272065;F;Panel Truck;15;Commercial;Highly Urban/ Urban;yes;0;dev_express;53;Non;Non;[70k€ – 140k€] ;[0 – 300€] 
750427;M;Sports Car;1;Private;z_Highly Rural/ Rural;no;0;dev_premium;18;Oui;Non;[0 – 70k€] ;[300€ – 600€] 
213392;M;Minivan;8;Commercial;Highly Urban/ Urban;yes;2;dev_premium;63;Non;Non;[0 – 70k€] ;[300€ – 600€] 
448014;F;Pickup;1;Commercial;Highly Urban/ Urban;yes;6;dev_premium;66;Non;Non;[0 – 70k€] ;[300€ – 600€] 
657665;M;z_SUV;15;Private;Highly Urban/ Urban;no;1;dev_premium;73;Non;Non;[70k€ – 140k€] ;[300€ – 600€] 
347588;F;Minivan;20;Private;Highly Urban/ Urban;no;0;dev_integral;57;Oui;Oui;[140k€ – 210k€] ;[300€ – 600€] 
950949;F;Minivan;0;Private;Highly Urban/ Urban;no;5;dev_express;69;Non;Non;[0 – 70k€] ;[0 – 300€] 
763441;F;Panel Truck;12;Commercial;Highly Urban/ Urban;no;1;dev_express;16;Non;Non;[140k€ – 210k€] ;[0 – 300€] 
354715;M;z_SUV;16;Private;Highly Urban/ Urban;no;0;dev_express;72;Non;Non;[140k€ – 210k€] ;[0 – 300€] 
646270;M;Sports Car;0;Private;Highly Urban/ Urban;yes;0;dev_integral;18;Non;Non;[140k€ – 210k€] ;[300€ – 600€] 
512360;M;Sports Car;1;Private;Highly Urban/ Urban;no;0;dev_integral;48;Oui;Non;[0 – 70k€] ;[0 – 300€] 
4738;F;Minivan;22;Private;Highly Urban/ Urban;no;1;dev_express;50;Non;Non;[70k€ – 140k€] ;[0 – 300€] 
192476;M;Minivan;1;Private;z_Highly Rural/ Rural;yes;0;dev_premium;60;Non;Non;[0 – 70k€] ;[300€ – 600€] 
835170;F;z_SUV;15;Private;Highly Urban/ Urban;no;4;dev_premium;48;Non;Non;[0 – 70k€] ;[300€ – 600€] 
819825;M;z_SUV;13;Private;z_Highly Rural/ Rural;no;0;dev_express;51;Non;Non;[0 – 70k€] ;[0 – 300€] 
497529;F;z_SUV;1;Private;Highly Urban/ Urban;no;0;dev_express;53;Non;Non;[0 – 70k€] ;[0 – 300€] 
966490;F;Van;18;Commercial;Highly Urban/ Urban;no;0;dev_integral;76;Non;Non;[70k€ – 140k€] ;[300€ – 600€] 
808825;M;Pickup;1;Private;Highly Urban/ Urban;yes;3;dev_express;16;Oui;Non;[0 – 70k€] ;[0 – 300€] 
593642;F;Minivan;17;Private;Highly Urban/ Urban;no;2;dev_express;81;Non;Non;[70k€ – 140k€] ;[0 – 300€] 
860455;F;Minivan;1;Private;z_Highly Rural/ Rural;no;1;dev_integral;56;Non;Non;[0 – 70k€] ;[300€ – 600€] 
910597;F;Pickup;1;Private;Highly Urban/ Urban;yes;2;dev_integral;59;Oui;Oui;[0 – 70k€] ;[300€ – 600€] 
866703;F;Minivan;7;Private;Highly Urban/ Urban;no;0;dev_integral;39;Non;Non;[0 – 70k€] ;[300€ – 600€] 
184437;F;Minivan;13;Private;Highly Urban/ Urban;no;5;dev_integral;67;Non;Non;[0 – 70k€] ;[300€ – 600€] 
3857;M;Minivan;16;Private;Highly Urban/ Urban;yes;0;dev_express;92;Non;Non;[> 210k€] ;[0 – 300€] 
539539;F;Sports Car;10;Private;Highly Urban/ Urban;no;0;dev_express;71;Non;Non;[0 – 70k€] ;[0 – 300€] 
801863;F;Pickup;21;Private;Highly Urban/ Urban;no;3;dev_integral;15;Oui;Non;[0 – 70k€] ;[300€ – 600€] 
435649;M;Panel Truck;23;Commercial;Highly Urban/ Urban;no;1;dev_express;63;Oui;Non;[70k€ – 140k€] ;[0 – 300€] 
792986;F;Panel Truck;8;Commercial;Highly Urban/ Urban;no;2;dev_premium;59;Non;Non;[0 – 70k€] ;[300€ – 600€] 
830609;M;Pickup;1;Commercial;Highly Urban/ Urban;no;0;dev_integral;4;Non;Non;[70k€ – 140k€] ;[300€ – 600€] 
51479;M;Panel Truck;1;Commercial;Highly Urban/ Urban;yes;3;dev_express;41;Non;Non;[70k€ – 140k€] ;[0 – 300€] 
954967;M;Minivan;17;Private;Highly Urban/ Urban;no;6;dev_express;62;Non;Non;[70k€ – 140k€] ;[0 – 300€] 
275002;F;Pickup;1;Commercial;z_Highly Rural/ Rural;no;0;dev_premium;41;Oui;Non;[0 – 70k€] ;[300€ – 600€] 
253712;M;Sports Car;9;Commercial;Highly Urban/ Urban;no;5;dev_integral;15;Non;Non;[0 – 70k€] ;[300€ – 600€] 
658560;F;Pickup;11;Private;Highly Urban/ Urban;yes;3;dev_integral;10;Non;Non;[0 – 70k€] ;[0 – 300€] 
641233;F;Minivan;1;Private;Highly Urban/ Urban;no;0;dev_integral;60;Non;Non;[0 – 70k€] ;[0 – 300€] 
917981;F;Sports Car;1;Commercial;Highly Urban/ Urban;no;0;dev_integral;12;Non;Non;[0 – 70k€] ;[300€ – 600€] 
16389;M;Sports Car;1;Private;Highly Urban/ Urban;no;3;dev_express;81;Non;Non;[0 – 70k€] ;[0 – 300€] 
312021;F;Sports Car;15;Private;Highly Urban/ Urban;no;0;dev_integral;64;Non;Non;[70k€ – 140k€] ;[0 – 300€] 
618615;M;z_SUV;8;Private;z_Highly Rural/ Rural;no;1;dev_integral;29;Oui;Non;[0 – 70k€] ;[300€ – 600€] 
918719;M;Van;1;Commercial;Highly Urban/ Urban;yes;2;dev_integral;70;Non;Non;[0 – 70k€] ;[300€ – 600€] 
323588;M;Pickup;16;Commercial;Highly Urban/ Urban;no;0;dev_express;69;Non;Non;[70k€ – 140k€] ;[0 – 300€] 
62797;M;z_SUV;11;Private;Highly Urban/ Urban;no;0;dev_express;17;Non;Non;[0 – 70k€] ;[0 – 300€] 
451693;F;z_SUV;4;Private;z_Highly Rural/ Rural;no;2;dev_integral;88;Non;Non;[0 – 70k€] ;[300€ – 600€] 
127961;F;z_SUV;6;Private;Highly Urban/ Urban;yes;7;dev_express;60;Non;Non;[0 – 70k€] ;[0 – 300€] 
712117;F;z_SUV;5;Private;z_Highly Rural/ Rural;no;0;dev_integral;83;Non;Non;[0 – 70k€] ;[300€ – 600€] 
941865;M;Minivan;14;Private;Highly Urban/ Urban;no;2;dev_integral;41;Non;Non;[0 – 70k€] ;[300€ – 600€] 
393571;F;z_SUV;0;Private;Highly Urban/ Urban;no;0;dev_integral;44;Non;Non;[0 – 70k€] ;[300€ – 600€] 
186839;F;Minivan;4;Private;Highly Urban/ Urban;yes;0;dev_express;22;Non;Non;[0 – 70k€] ;[0 – 300€] 
249137;M;z_SUV;1;Private;z_Highly Rural/ Rural;no;0;dev_express;52;Non;Non;[0 – 70k€] ;[0 – 300€] 
617427;F;z_SUV;1;Private;Highly Urban/ Urban;no;3;dev_express;50;Oui;Non;[0 – 70k€] ;[0 – 300€] 
577833;M;Panel Truck;12;Commercial;Highly Urban/ Urban;no;0;dev_express;61;Oui;Oui;[0 – 70k€] ;[0 – 300€] 
824128;F;z_SUV;12;Private;Highly Urban/ Urban;no;0;dev_integral;60;Oui;Non;[0 – 70k€] ;[0 – 300€] 
756370;F;z_SUV;10;Private;Highly Urban/ Urban;no;2;dev_integral;59;Non;Non;[0 – 70k€] ;[300€ – 600€] 
687954;M;z_SUV;1;Private;Highly Urban/ Urban;no;2;dev_express;31;Oui;Non;[0 – 70k€] ;[0 – 300€] 
945161;F;Pickup;1;Private;Highly Urban/ Urban;no;10;dev_express;72;Oui;Non;[0 – 70k€] ;[0 – 300€] 
418369;M;Pickup;1;Commercial;z_Highly Rural/ Rural;yes;0;dev_express;17;Non;Non;[0 – 70k€] ;[0 – 300€] 
54257;M;Minivan;1;Private;Highly Urban/ Urban;yes;0;dev_express;69;Oui;Non;[140k€ – 210k€] ;[0 – 300€] 
216489;M;Minivan;9;Private;Highly Urban/ Urban;yes;6;dev_integral;61;Oui;Oui;[0 – 70k€] ;[0 – 300€] 
222538;M;Minivan;18;Private;z_Highly Rural/ Rural;yes;0;dev_express;86;Non;Non;[70k€ – 140k€] ;[0 – 300€] 
813048;M;Minivan;14;Private;Highly Urban/ Urban;yes;0;dev_premium;45;Oui;Oui;[70k€ – 140k€] ;[300€ – 600€] 
374821;M;Minivan;10;Commercial;Highly Urban/ Urban;yes;3;dev_express;58;Non;Non;[0 – 70k€] ;[0 – 300€] 
4364;F;Minivan;18;Private;Highly Urban/ Urban;yes;5;dev_premium;24;Non;Non;[0 – 70k€] ;[300€ – 600€] 
291390;F;Sports Car;7;Private;z_Highly Rural/ Rural;no;3;dev_premium;74;Non;Non;[0 – 70k€] ;[300€ – 600€] 
512092;F;Sports Car;18;Private;Highly Urban/ Urban;no;0;dev_premium;49;Non;Non;[70k€ – 140k€] ;[300€ – 600€] 
543660;M;Minivan;1;Private;z_Highly Rural/ Rural;yes;1;dev_express;16;Non;Non;[0 – 70k€] ;[0 – 300€] 
647489;M;z_SUV;0;Private;Highly Urban/ Urban;no;0;dev_integral;59;Oui;Non;[70k€ – 140k€] ;[300€ – 600€] 
317153;M;Sports Car;15;Private;Highly Urban/ Urban;no;0;dev_premium;59;Oui;Non;[0 – 70k€] ;[300€ – 600€] 
525344;F;z_SUV;15;Private;Highly Urban/ Urban;no;4;dev_express;82;Non;Non;[70k€ – 140k€] ;[0 – 300€] 
344816;F;z_SUV;6;Private;Highly Urban/ Urban;no;4;dev_express;43;Oui;Non;[0 – 70k€] ;[0 – 300€] 
12981;M;z_SUV;11;Commercial;Highly Urban/ Urban;no;1;dev_integral;5;Non;Non;[0 – 70k€] ;[300€ – 600€] 
340193;M;z_SUV;6;Private;Highly Urban/ Urban;no;2;dev_integral;29;Oui;Oui;[0 – 70k€] ;[0 – 300€] 
340249;M;Van;1;Private;Highly Urban/ Urban;yes;4;dev_express;36;Non;Non;[70k€ – 140k€] ;[0 – 300€] 
890547;F;Pickup;11;Commercial;Highly Urban/ Urban;yes;5;dev_vip;63;Oui;Non;[0 – 70k€] ;[600€ – 900€] 
733813;M;z_SUV;6;Private;z_Highly Rural/ Rural;no;7;dev_integral;47;Non;Non;[0 – 70k€] ;[0 – 300€] 
323343;F;Minivan;12;Private;Highly Urban/ Urban;no;6;dev_integral;73;Oui;Oui;[70k€ – 140k€] ;[300€ – 600€] 
692395;M;Sports Car;0;Private;Highly Urban/ Urban;no;0;dev_express;58;Oui;Non;[70k€ – 140k€] ;[0 – 300€] 
550087;M;Pickup;1;Private;z_Highly Rural/ Rural;no;2;dev_premium;52;Oui;Non;[0 – 70k€] ;[300€ – 600€] 
258988;M;Van;14;Private;Highly Urban/ Urban;no;1;dev_express;57;Non;Non;[0 – 70k€] ;[0 – 300€] 
768911;F;Pickup;16;Private;z_Highly Rural/ Rural;yes;4;dev_integral;43;Non;Non;[0 – 70k€] ;[300€ – 600€] 
844367;F;Minivan;0;Commercial;Highly Urban/ Urban;yes;6;dev_integral;30;Oui;Non;[0 – 70k€] ;[300€ – 600€] 
330644;M;Pickup;8;Commercial;z_Highly Rural/ Rural;yes;0;dev_integral;45;Oui;Non;[0 – 70k€] ;[0 – 300€] 
895654;M;z_SUV;1;Private;Highly Urban/ Urban;no;1;dev_integral;75;Non;Non;[0 – 70k€] ;[300€ – 600€] 
684123;F;Minivan;1;Private;Highly Urban/ Urban;no;0;dev_integral;33;Oui;Non;[0 – 70k€] ;[0 – 300€] 
849112;M;z_SUV;15;Private;Highly Urban/ Urban;no;0;dev_integral;86;Oui;Non;[70k€ – 140k€] ;[0 – 300€] 
49302;F;z_SUV;1;Private;Highly Urban/ Urban;no;0;dev_integral;4;Non;Non;[0 – 70k€] ;[0 – 300€] 
888950;M;Panel Truck;15;Commercial;Highly Urban/ Urban;no;4;dev_integral;31;Non;Non;[70k€ – 140k€] ;[300€ – 600€] 
463250;M;Minivan;14;Private;Highly Urban/ Urban;no;1;dev_integral;81;Non;Non;[0 – 70k€] ;[0 – 300€] 
720782;M;Sports Car;10;Commercial;Highly Urban/ Urban;no;6;dev_integral;47;Non;Non;[0 – 70k€] ;[0 – 300€] 
190215;M;Sports Car;1;Private;z_Highly Rural/ Rural;no;0;dev_express;37;Non;Non;[0 – 70k€] ;[0 – 300€] 
81449;F;Panel Truck;9;Commercial;z_Highly Rural/ Rural;yes;0;dev_integral;39;Non;Non;[0 – 70k€] ;[0 – 300€] 
285469;M;Minivan;8;Private;Highly Urban/ Urban;no;4;dev_integral;57;Non;Non;[0 – 70k€] ;[300€ – 600€] 
283173;F;z_SUV;9;Private;z_Highly Rural/ Rural;no;3;dev_integral;36;Non;Non;[0 – 70k€] ;[300€ – 600€] 
314482;M;Minivan;6;Private;Highly Urban/ Urban;yes;0;dev_express;72;Non;Non;[70k€ – 140k€] ;[0 – 300€] 
623751;M;z_SUV;8;Commercial;Highly Urban/ Urban;no;0;dev_integral;90;Non;Non;[0 – 70k€] ;[300€ – 600€] 
175666;M;Minivan;1;Private;Highly Urban/ Urban;yes;3;dev_integral;24;Oui;Non;[0 – 70k€] ;[300€ – 600€] 
597507;M;Minivan;8;Commercial;Highly Urban/ Urban;no;0;dev_integral;27;Non;Non;[0 – 70k€] ;[300€ – 600€] 
361431;F;Minivan;12;Private;Highly Urban/ Urban;yes;4;dev_premium;70;Non;Non;[0 – 70k€] ;[300€ – 600€] 
212245;M;Panel Truck;1;Commercial;Highly Urban/ Urban;no;0;dev_integral;75;Non;Non;[0 – 70k€] ;[300€ – 600€] 
793896;M;Pickup;17;Private;Highly Urban/ Urban;no;2;dev_integral;93;Non;Non;[70k€ – 140k€] ;[300€ – 600€] 
423729;F;Minivan;1;Commercial;z_Highly Rural/ Rural;no;0;dev_integral;67;Oui;Non;[0 – 70k€] ;[300€ – 600€] 
852089;F;Minivan;5;Commercial;Highly Urban/ Urban;no;1;dev_premium;79;Oui;Non;[0 – 70k€] ;[300€ – 600€] 
81185;F;Pickup;1;Commercial;Highly Urban/ Urban;yes;0;dev_integral;17;Non;Non;[0 – 70k€] ;[300€ – 600€] 
765665;F;Panel Truck;15;Commercial;Highly Urban/ Urban;no;7;dev_integral;72;Non;Non;[0 – 70k€] ;[0 – 300€] 
953262;M;Panel Truck;15;Commercial;Highly Urban/ Urban;no;4;dev_express;54;Non;Non;[140k€ – 210k€] ;[0 – 300€] 
906852;F;Sports Car;12;Private;Highly Urban/ Urban;no;2;dev_express;72;Non;Non;[0 – 70k€] ;[0 – 300€] 
506876;F;z_SUV;0;Private;Highly Urban/ Urban;no;4;dev_express;23;Non;Oui;[70k€ – 140k€] ;[0 – 300€] 
673365;M;z_SUV;1;Private;z_Highly Rural/ Rural;no;0;dev_express;41;Non;Non;[0 – 70k€] ;[0 – 300€] 
474551;F;Van;12;Private;Highly Urban/ Urban;no;4;dev_express;64;Non;Non;[0 – 70k€] ;[0 – 300€] 
942664;M;Minivan;17;Private;Highly Urban/ Urban;yes;3;dev_integral;58;Non;Non;[0 – 70k€] ;[0 – 300€] 
301814;F;Sports Car;1;Private;Highly Urban/ Urban;no;0;dev_integral;71;Oui;Non;[0 – 70k€] ;[0 – 300€] 
526793;F;Van;1;Commercial;Highly Urban/ Urban;no;7;dev_express;80;Non;Non;[0 – 70k€] ;[0 – 300€] 
765576;F;Van;12;Private;Highly Urban/ Urban;yes;0;dev_integral;10;Non;Non;[70k€ – 140k€] ;[300€ – 600€] 
951053;F;Pickup;1;Commercial;z_Highly Rural/ Rural;yes;0;dev_express;51;Oui;Oui;[70k€ – 140k€] ;[0 – 300€] 
946795;F;Van;1;Commercial;Highly Urban/ Urban;no;0;dev_express;47;Oui;Oui;[0 – 70k€] ;[0 – 300€] 
821977;M;Van;11;Commercial;z_Highly Rural/ Rural;yes;0;dev_integral;50;Oui;Oui;[70k€ – 140k€] ;[300€ – 600€] 
242446;F;Panel Truck;19;Commercial;Highly Urban/ Urban;yes;3;dev_integral;38;Non;Non;[140k€ – 210k€] ;[300€ – 600€] 
632718;F;Pickup;12;Commercial;Highly Urban/ Urban;no;1;dev_integral;69;Non;Non;[0 – 70k€] ;[300€ – 600€] 
112887;F;Van;0;Private;Highly Urban/ Urban;no;0;dev_express;74;Oui;Oui;[0 – 70k€] ;[0 – 300€] 
417151;F;Pickup;7;Private;Highly Urban/ Urban;yes;0;dev_express;49;Oui;Oui;[0 – 70k€] ;[0 – 300€] 
34060;F;z_SUV;8;Private;Highly Urban/ Urban;no;3;dev_integral;58;Non;Non;[0 – 70k€] ;[300€ – 600€] 
554746;F;Panel Truck;1;Commercial;Highly Urban/ Urban;yes;0;dev_express;54;Non;Non;[0 – 70k€] ;[0 – 300€] 
876825;M;Minivan;10;Private;Highly Urban/ Urban;yes;5;dev_express;23;Non;Non;[0 – 70k€] ;[0 – 300€] 
578115;F;Panel Truck;1;Commercial;Highly Urban/ Urban;yes;2;dev_integral;27;Non;Non;[70k€ – 140k€] ;[300€ – 600€] 
736397;M;Minivan;15;Private;Highly Urban/ Urban;no;0;dev_integral;75;Oui;Non;[70k€ – 140k€] ;[300€ – 600€] 
742908;M;Sports Car;17;Private;Highly Urban/ Urban;no;3;dev_express;39;Non;Non;[70k€ – 140k€] ;[0 – 300€] 
998326;M;z_SUV;18;Private;Highly Urban/ Urban;no;0;dev_express;19;Non;Non;[0 – 70k€] ;[0 – 300€] 
81002;F;Minivan;1;Commercial;Highly Urban/ Urban;yes;0;dev_integral;20;Oui;Non;[70k€ – 140k€] ;[300€ – 600€] 
511971;F;Sports Car;4;Private;Highly Urban/ Urban;no;4;dev_express;72;Oui;Oui;[0 – 70k€] ;[0 – 300€] 
278822;F;Minivan;1;Private;Highly Urban/ Urban;no;5;dev_express;39;Oui;Oui;[0 – 70k€] ;[0 – 300€] 
462886;M;Van;8;Commercial;Highly Urban/ Urban;yes;2;dev_express;83;Non;Non;[0 – 70k€] ;[0 – 300€] 
671153;F;z_SUV;14;Private;Highly Urban/ Urban;no;0;dev_integral;22;Non;Non;[0 – 70k€] ;[300€ – 600€] 
571963;M;Van;1;Commercial;Highly Urban/ Urban;yes;3;dev_express;55;Oui;Non;[70k€ – 140k€] ;[0 – 300€] 
78551;M;Pickup;1;Private;Highly Urban/ Urban;yes;0;dev_integral;68;Non;Non;[0 – 70k€] ;[300€ – 600€] 
882414;F;Sports Car;6;Private;Highly Urban/ Urban;yes;8;dev_integral;60;Oui;Non;[0 – 70k€] ;[0 – 300€] 
401492;F;Pickup;6;Commercial;z_Highly Rural/ Rural;no;0;dev_integral;47;Oui;Non;[0 – 70k€] ;[300€ – 600€] 
596013;F;Panel Truck;16;Commercial;z_Highly Rural/ Rural;yes;0;dev_integral;44;Non;Non;[70k€ – 140k€] ;[300€ – 600€] 
354335;F;Pickup;19;Commercial;Highly Urban/ Urban;no;0;dev_integral;8;Oui;Oui;[0 – 70k€] ;[300€ – 600€] 
729786;F;Minivan;13;Private;Highly Urban/ Urban;no;5;dev_premium;56;Oui;Oui;[70k€ – 140k€] ;[300€ – 600€] 
948828;F;Minivan;8;Private;Highly Urban/ Urban;no;4;dev_express;48;Oui;Non;[0 – 70k€] ;[0 – 300€] 
340877;F;Panel Truck;0;Commercial;z_Highly Rural/ Rural;yes;1;dev_integral;60;Non;Non;[70k€ – 140k€] ;[0 – 300€] 
841001;M;Minivan;12;Commercial;Highly Urban/ Urban;no;4;dev_express;5;Non;Non;[70k€ – 140k€] ;[0 – 300€] 
393694;M;z_SUV;9;Commercial;Highly Urban/ Urban;no;3;dev_express;78;Oui;Oui;[0 – 70k€] ;[0 – 300€] 
902357;M;Van;13;Private;Highly Urban/ Urban;no;0;dev_vip;41;Oui;Non;[140k€ – 210k€] ;[> 900€] 
66543;F;Minivan;9;Private;z_Highly Rural/ Rural;yes;2;dev_integral;72;Non;Non;[0 – 70k€] ;[300€ – 600€] 
697246;M;Minivan;8;Private;Highly Urban/ Urban;yes;1;dev_express;40;Non;Non;[70k€ – 140k€] ;[0 – 300€] 
95008;F;z_SUV;9;Commercial;Highly Urban/ Urban;no;0;dev_integral;58;Non;Non;[70k€ – 140k€] ;[300€ – 600€] 
749987;M;Minivan;1;Private;z_Highly Rural/ Rural;no;0;dev_express;16;Non;Non;[70k€ – 140k€] ;[0 – 300€] 
810219;M;Panel Truck;16;Commercial;Highly Urban/ Urban;no;9;dev_express;8;Oui;Oui;[70k€ – 140k€] ;[0 – 300€] 
953585;M;Panel Truck;12;Commercial;Highly Urban/ Urban;yes;0;dev_premium;10;Non;Non;[70k€ – 140k€] ;[300€ – 600€] 
876291;M;z_SUV;10;Private;Highly Urban/ Urban;no;0;dev_integral;7;Oui;Non;[0 – 70k€] ;[0 – 300€] 
921069;F;Van;8;Commercial;Highly Urban/ Urban;no;8;dev_integral;65;Non;Non;[70k€ – 140k€] ;[300€ – 600€] 
591183;M;z_SUV;14;Private;Highly Urban/ Urban;no;5;dev_premium;39;Oui;Non;[70k€ – 140k€] ;[300€ – 600€] 
346275;M;Pickup;1;Commercial;Highly Urban/ Urban;no;1;dev_integral;64;Non;Non;[0 – 70k€] ;[300€ – 600€] 
793075;M;Sports Car;21;Private;Highly Urban/ Urban;no;0;dev_express;34;Non;Non;[0 – 70k€] ;[0 – 300€] 
692733;M;Sports Car;1;Private;Highly Urban/ Urban;no;1;dev_integral;74;Non;Non;[0 – 70k€] ;[300€ – 600€] 
487546;M;Van;4;Private;Highly Urban/ Urban;yes;3;dev_express;67;Non;Non;[0 – 70k€] ;[0 – 300€] 
262779;F;Minivan;16;Private;Highly Urban/ Urban;no;0;dev_integral;67;Non;Non;[0 – 70k€] ;[300€ – 600€] 
549276;F;Pickup;10;Private;Highly Urban/ Urban;yes;0;dev_integral;48;Non;Non;[0 – 70k€] ;[300€ – 600€] 
265030;M;Pickup;7;Private;Highly Urban/ Urban;yes;1;dev_express;18;Oui;Non;[0 – 70k€] ;[0 – 300€] 
56642;F;Pickup;1;Commercial;Highly Urban/ Urban;yes;1;dev_integral;42;Non;Non;[0 – 70k€] ;[300€ – 600€] 
256225;M;Minivan;9;Private;Highly Urban/ Urban;yes;0;dev_express;82;Non;Non;[0 – 70k€] ;[0 – 300€] 
628965;F;Minivan;12;Private;Highly Urban/ Urban;yes;1;dev_integral;32;Non;Non;[70k€ – 140k€] ;[300€ – 600€] 
645819;M;Sports Car;9;Private;Highly Urban/ Urban;no;0;dev_integral;22;Non;Non;[70k€ – 140k€] ;[300€ – 600€] 
581434;F;Panel Truck;15;Commercial;Highly Urban/ Urban;yes;1;dev_integral;59;Non;Non;[70k€ – 140k€] ;[300€ – 600€] 
4227;F;Panel Truck;12;Commercial;Highly Urban/ Urban;yes;1;dev_premium;81;Non;Non;[70k€ – 140k€] ;[300€ – 600€] 
863714;M;Minivan;4;Commercial;Highly Urban/ Urban;no;2;dev_integral;20;Oui;Oui;[0 – 70k€] ;[300€ – 600€] 
348066;F;Pickup;11;Commercial;z_Highly Rural/ Rural;no;0;dev_express;6;Oui;Non;[0 – 70k€] ;[0 – 300€] 
837457;M;Pickup;12;Private;Highly Urban/ Urban;yes;1;dev_integral;10;Non;Non;[0 – 70k€] ;[300€ – 600€] 
921914;M;Minivan;11;Commercial;z_Highly Rural/ Rural;yes;0;dev_express;19;Non;Non;[0 – 70k€] ;[0 – 300€] 
553898;F;z_SUV;8;Private;z_Highly Rural/ Rural;no;0;dev_integral;10;Non;Non;[0 – 70k€] ;[300€ – 600€] 
182514;M;z_SUV;7;Private;Highly Urban/ Urban;no;4;dev_integral;11;Non;Non;[70k€ – 140k€] ;[300€ – 600€] 
617623;F;z_SUV;4;Private;Highly Urban/ Urban;no;5;dev_integral;9;Non;Non;[70k€ – 140k€] ;[300€ – 600€] 
522210;F;z_SUV;12;Private;Highly Urban/ Urban;no;1;dev_integral;73;Non;Non;[140k€ – 210k€] ;[300€ – 600€] 
522821;F;Minivan;1;Private;Highly Urban/ Urban;no;0;dev_express;36;Non;Non;[0 – 70k€] ;[0 – 300€] 
162306;F;Minivan;8;Private;Highly Urban/ Urban;yes;3;dev_express;45;Oui;Non;[70k€ – 140k€] ;[0 – 300€] 
751709;F;z_SUV;10;Private;z_Highly Rural/ Rural;no;1;dev_integral;89;Non;Non;[0 – 70k€] ;[300€ – 600€] 
243711;M;z_SUV;7;Private;Highly Urban/ Urban;no;0;dev_integral;31;Oui;Non;[0 – 70k€] ;[0 – 300€] 
995284;F;z_SUV;12;Private;Highly Urban/ Urban;no;0;dev_integral;91;Oui;Non;[0 – 70k€] ;[300€ – 600€] 
375499;F;z_SUV;0;Private;Highly Urban/ Urban;no;3;dev_express;66;Non;Non;[0 – 70k€] ;[0 – 300€] 
50551;F;Sports Car;2;Private;Highly Urban/ Urban;no;10;dev_integral;15;Non;Non;[0 – 70k€] ;[300€ – 600€] 
383228;F;z_SUV;10;Private;Highly Urban/ Urban;no;0;dev_express;51;Non;Non;[0 – 70k€] ;[0 – 300€] 
534804;M;Pickup;1;Private;Highly Urban/ Urban;no;3;dev_integral;5;Non;Non;[0 – 70k€] ;[300€ – 600€] 
787353;M;Sports Car;12;Private;z_Highly Rural/ Rural;no;0;dev_integral;72;Oui;Oui;[0 – 70k€] ;[0 – 300€] 
562614;F;Pickup;7;Commercial;z_Highly Rural/ Rural;yes;2;dev_express;73;Non;Non;[0 – 70k€] ;[0 – 300€] 
889195;F;Pickup;22;Private;Highly Urban/ Urban;yes;4;dev_integral;68;Non;Non;[70k€ – 140k€] ;[300€ – 600€] 
54072;F;Panel Truck;0;Commercial;z_Highly Rural/ Rural;no;0;dev_integral;84;Oui;Oui;[70k€ – 140k€] ;[0 – 300€] 
966686;M;Sports Car;7;Private;Highly Urban/ Urban;no;2;dev_express;71;Oui;Non;[0 – 70k€] ;[0 – 300€] 
981754;M;Minivan;21;Private;Highly Urban/ Urban;yes;3;dev_express;52;Non;Non;[70k€ – 140k€] ;[0 – 300€] 
974061;M;z_SUV;1;Private;Highly Urban/ Urban;no;7;dev_integral;79;Oui;Non;[0 – 70k€] ;[0 – 300€] 
800153;F;z_SUV;6;Private;z_Highly Rural/ Rural;no;0;dev_express;83;Non;Non;[0 – 70k€] ;[0 – 300€] 
375422;F;Minivan;7;Private;Highly Urban/ Urban;yes;0;dev_premium;10;Non;Non;[0 – 70k€] ;[300€ – 600€] 
276258;M;Minivan;10;Commercial;Highly Urban/ Urban;no;7;dev_express;72;Non;Non;[70k€ – 140k€] ;[0 – 300€] 
577679;M;Pickup;9;Commercial;Highly Urban/ Urban;no;3;dev_express;63;Oui;Oui;[0 – 70k€] ;[0 – 300€] 
111900;M;Panel Truck;20;Commercial;Highly Urban/ Urban;yes;5;dev_integral;67;Non;Non;[70k€ – 140k€] ;[300€ – 600€] 
130610;M;z_SUV;8;Private;z_Highly Rural/ Rural;no;1;dev_integral;85;Non;Non;[0 – 70k€] ;[300€ – 600€] 
203193;F;Minivan;20;Private;Highly Urban/ Urban;yes;2;dev_express;65;Non;Non;[70k€ – 140k€] ;[0 – 300€] 
81220;M;Minivan;1;Private;z_Highly Rural/ Rural;no;2;dev_express;13;Non;Non;[0 – 70k€] ;[0 – 300€] 
612149;F;Minivan;1;Private;Highly Urban/ Urban;no;3;dev_integral;64;Non;Non;[0 – 70k€] ;[300€ – 600€] 
3279;F;Van;4;Commercial;Highly Urban/ Urban;no;6;dev_premium;74;Non;Non;[70k€ – 140k€] ;[300€ – 600€] 
204393;M;Minivan;1;Private;z_Highly Rural/ Rural;no;0;dev_integral;91;Non;Oui;[0 – 70k€] ;[300€ – 600€] 
